email,status,date,items
user241@example.com,PAID,2023-12-18T14:00,PROD-576:3
user232@example.com,PAID,2023-05-31T21:00,PROD-115:1|PROD-866:1|PROD-944:3
user290@example.com,PAID,2024-05-17T14:00,PROD-115:3
user15@example.com,PAID,2023-12-15T17:00,PROD-22:1|PROD-391:1
user297@example.com,PAID,2023-10-13T19:00,PROD-41:3
user452@example.com,PAID,2023-12-12T18:00,PROD-503:1|PROD-200:1|PROD-138:2
user379@example.com,NEW,2024-08-13T19:00,PROD-806:1|PROD-527:1|PROD-154:3|PROD-367:1
user377@example.com,CANCELLED,2023-09-23T15:00,PROD-209:1
user256@example.com,PAID,2024-06-17T12:00,PROD-735:1|PROD-431:1|PROD-286:3|PROD-690:1
user269@example.com,PAID,2023-03-04T14:00,PROD-704:1
user124@example.com,PAID,2023-02-12T11:00,PROD-608:1
user475@example.com,PAID,2023-08-10T16:00,PROD-133:3
user405@example.com,PAID,2024-07-17T15:00,PROD-950:3
user500@example.com,PAID,2024-08-03T17:00,PROD-610:1|PROD-513:1
user187@example.com,PAID,2023-03-27T18:00,PROD-882:1|PROD-140:3
user278@example.com,PAID,2024-02-04T19:00,PROD-980:1|PROD-249:2|PROD-564:1|PROD-970:3
user116@example.com,PAID,2023-05-25T10:00,PROD-417:1
user499@example.com,PAID,2024-08-18T14:00,PROD-661:2|PROD-916:1
user331@example.com,PAID,2024-01-08T13:00,PROD-886:1|PROD-746:3
user376@example.com,PAID,2024-07-28T18:00,PROD-566:3
user124@example.com,NEW,2023-04-12T21:00,PROD-870:3|PROD-427:3
user423@example.com,PAID,2023-11-11T21:00,PROD-682:1|PROD-197:2|PROD-785:3|PROD-882:3
user382@example.com,PAID,2024-01-30T21:00,PROD-775:2|PROD-835:1|PROD-312:3
user475@example.com,CANCELLED,2023-06-22T18:00,PROD-119:2
user385@example.com,NEW,2023-12-24T16:00,PROD-83:1|PROD-377:2|PROD-744:1
user336@example.com,CANCELLED,2023-05-01T12:00,PROD-431:2|PROD-546:1
user450@example.com,PAID,2023-11-09T21:00,PROD-63:1|PROD-400:2
user499@example.com,PAID,2024-06-04T14:00,PROD-788:1
user241@example.com,PAID,2024-01-19T19:00,PROD-149:2|PROD-966:2|PROD-190:2
user299@example.com,PAID,2024-09-08T12:00,PROD-118:1|PROD-958:3|PROD-585:2|PROD-605:3
user488@example.com,PAID,2023-12-04T11:00,PROD-999:3|PROD-311:3|PROD-894:3|PROD-514:2
user191@example.com,PAID,2024-07-21T19:00,PROD-444:3
user328@example.com,CANCELLED,2023-04-30T11:00,PROD-516:3|PROD-334:2
user331@example.com,NEW,2024-05-10T10:00,PROD-197:1|PROD-53:3|PROD-530:2
user20@example.com,PAID,2024-06-19T16:00,PROD-421:1
user225@example.com,PAID,2023-07-18T17:00,PROD-639:3|PROD-510:3|PROD-362:3
user407@example.com,PAID,2023-01-19T16:00,PROD-248:3
user118@example.com,CANCELLED,2023-02-23T10:00,PROD-469:2|PROD-562:3
user190@example.com,PAID,2024-08-09T16:00,PROD-491:3|PROD-765:3
user186@example.com,NEW,2024-07-21T16:00,PROD-70:2|PROD-319:1|PROD-65:1
user295@example.com,PAID,2023-01-20T21:00,PROD-305:3|PROD-626:1|PROD-736:1
user384@example.com,NEW,2024-06-11T19:00,PROD-171:1|PROD-196:3|PROD-101:3|PROD-409:2
user354@example.com,PAID,2023-04-17T20:00,PROD-370:1|PROD-217:3|PROD-854:1|PROD-36:3
user363@example.com,PAID,2024-10-14T16:00,PROD-392:3|PROD-621:2|PROD-112:1
user184@example.com,PAID,2024-06-14T14:00,PROD-963:1|PROD-627:3|PROD-816:2
user430@example.com,CANCELLED,2024-03-20T11:00,PROD-488:3|PROD-597:1|PROD-988:3|PROD-629:1
user475@example.com,PAID,2023-01-21T15:00,PROD-866:2|PROD-88:2|PROD-821:1|PROD-77:3
user435@example.com,PAID,2024-01-09T16:00,PROD-449:2|PROD-619:3|PROD-696:1
user203@example.com,CANCELLED,2023-12-08T19:00,PROD-41:1|PROD-571:1|PROD-644:3
user307@example.com,NEW,2024-10-25T12:00,PROD-329:2|PROD-451:3|PROD-237:3|PROD-556:1
user433@example.com,PAID,2024-01-04T11:00,PROD-803:2|PROD-568:1|PROD-120:2|PROD-812:3
user485@example.com,CANCELLED,2023-02-21T13:00,PROD-772:1|PROD-503:1|PROD-844:1|PROD-230:3
user489@example.com,PAID,2024-04-30T16:00,PROD-590:2|PROD-60:2|PROD-460:1|PROD-922:2
user290@example.com,PAID,2024-04-08T21:00,PROD-576:1|PROD-486:3|PROD-342:2|PROD-722:1
user156@example.com,PAID,2023-03-23T18:00,PROD-854:2|PROD-924:1|PROD-339:2|PROD-154:3
user204@example.com,NEW,2023-05-20T20:00,PROD-387:1|PROD-894:3|PROD-797:2|PROD-87:3
user298@example.com,NEW,2024-12-11T16:00,PROD-420:1|PROD-424:2
user250@example.com,CANCELLED,2023-02-18T21:00,PROD-728:2|PROD-581:1|PROD-684:2|PROD-808:3
user319@example.com,PAID,2024-04-12T18:00,PROD-680:2|PROD-248:3|PROD-850:3|PROD-117:1
user360@example.com,PAID,2023-01-29T21:00,PROD-536:3|PROD-798:1
user431@example.com,NEW,2024-02-19T19:00,PROD-458:1|PROD-612:1
user322@example.com,CANCELLED,2024-03-03T17:00,PROD-379:1|PROD-187:1|PROD-397:3
user407@example.com,PAID,2024-11-19T17:00,PROD-284:3|PROD-280:3
user37@example.com,CANCELLED,2024-09-26T15:00,PROD-690:3|PROD-943:3
user284@example.com,PAID,2023-07-22T17:00,PROD-899:2|PROD-194:2|PROD-816:2|PROD-801:3
user26@example.com,NEW,2024-12-20T15:00,PROD-12:2
user420@example.com,PAID,2023-08-16T13:00,PROD-928:3|PROD-381:1|PROD-158:2
user36@example.com,PAID,2023-01-21T18:00,PROD-441:2
user405@example.com,CANCELLED,2023-08-27T18:00,PROD-693:1
user240@example.com,PAID,2024-01-11T13:00,PROD-416:3
user207@example.com,NEW,2023-12-23T15:00,PROD-931:2|PROD-489:1|PROD-643:1
user435@example.com,NEW,2023-06-07T13:00,PROD-503:3|PROD-780:2|PROD-865:3|PROD-441:1
user51@example.com,PAID,2023-09-03T18:00,PROD-87:2|PROD-854:2|PROD-368:1
user117@example.com,PAID,2024-01-26T16:00,PROD-493:1
user151@example.com,NEW,2023-11-10T18:00,PROD-844:2|PROD-607:1|PROD-99:2
user130@example.com,PAID,2023-07-22T20:00,PROD-597:3
user51@example.com,PAID,2023-05-20T14:00,PROD-634:2|PROD-285:2|PROD-525:3|PROD-361:3
user34@example.com,PAID,2024-02-13T13:00,PROD-643:3|PROD-654:2|PROD-712:3
user372@example.com,PAID,2024-09-25T18:00,PROD-515:1|PROD-781:3
user297@example.com,PAID,2024-08-01T13:00,PROD-774:3
user455@example.com,CANCELLED,2024-05-24T14:00,PROD-883:3
user144@example.com,PAID,2023-05-03T16:00,PROD-846:1|PROD-672:2|PROD-960:1
user183@example.com,CANCELLED,2023-03-29T11:00,PROD-667:1|PROD-914:3|PROD-92:3|PROD-764:2
user369@example.com,NEW,2023-03-25T17:00,PROD-771:3|PROD-37:3|PROD-644:3
user173@example.com,PAID,2023-09-01T16:00,PROD-574:3|PROD-169:1|PROD-65:1|PROD-92:1
user55@example.com,PAID,2024-08-07T17:00,PROD-457:1
user281@example.com,PAID,2023-08-21T15:00,PROD-243:3|PROD-765:2
user178@example.com,PAID,2023-11-03T10:00,PROD-412:1|PROD-297:2
user53@example.com,PAID,2023-06-20T11:00,PROD-206:3
user464@example.com,NEW,2024-12-07T12:00,PROD-199:2|PROD-231:1|PROD-735:2
user371@example.com,PAID,2023-11-14T14:00,PROD-98:3|PROD-620:2|PROD-190:1|PROD-382:1
user46@example.com,PAID,2024-11-30T10:00,PROD-971:1|PROD-676:1|PROD-828:2|PROD-699:3
user425@example.com,CANCELLED,2024-11-13T10:00,PROD-107:2|PROD-844:1|PROD-819:2|PROD-230:1
user485@example.com,NEW,2024-04-13T14:00,PROD-487:3|PROD-3:1|PROD-881:2
user15@example.com,PAID,2024-08-29T15:00,PROD-567:2|PROD-786:2
user70@example.com,CANCELLED,2024-12-21T14:00,PROD-627:2|PROD-763:2
user150@example.com,PAID,2023-10-11T10:00,PROD-15:3|PROD-11:1
user250@example.com,PAID,2023-04-22T21:00,PROD-322:1|PROD-269:2|PROD-448:3
user180@example.com,PAID,2023-12-30T11:00,PROD-441:2|PROD-158:2
user113@example.com,NEW,2024-05-24T21:00,PROD-213:1|PROD-440:3|PROD-845:1|PROD-969:2
user470@example.com,PAID,2023-05-11T20:00,PROD-611:1|PROD-582:1
user411@example.com,PAID,2023-04-20T14:00,PROD-830:3|PROD-451:1
user142@example.com,PAID,2024-03-05T16:00,PROD-45:3|PROD-484:2|PROD-681:3
user192@example.com,PAID,2024-05-01T14:00,PROD-813:1
user49@example.com,PAID,2024-11-09T16:00,PROD-320:1|PROD-488:1
user38@example.com,PAID,2024-07-06T10:00,PROD-321:3|PROD-498:2|PROD-206:2|PROD-539:3
user201@example.com,NEW,2024-02-22T20:00,PROD-948:2|PROD-868:2|PROD-112:2
user188@example.com,CANCELLED,2023-04-06T12:00,PROD-250:2|PROD-907:2|PROD-656:2|PROD-503:2
user91@example.com,PAID,2023-10-23T21:00,PROD-155:3|PROD-510:1|PROD-282:1|PROD-5:1
user489@example.com,PAID,2023-09-26T21:00,PROD-610:1|PROD-329:3|PROD-992:3|PROD-884:1
user47@example.com,PAID,2024-05-24T19:00,PROD-861:2|PROD-37:1|PROD-729:2|PROD-725:3
user208@example.com,PAID,2023-06-27T11:00,PROD-848:3
user204@example.com,PAID,2023-08-21T17:00,PROD-619:3|PROD-664:1
user424@example.com,PAID,2024-06-25T13:00,PROD-126:2|PROD-60:3|PROD-449:3
user315@example.com,PAID,2023-06-17T16:00,PROD-78:1|PROD-906:1|PROD-499:3
user395@example.com,PAID,2023-07-24T15:00,PROD-779:1|PROD-418:1|PROD-675:1|PROD-332:1
user440@example.com,CANCELLED,2023-09-03T21:00,PROD-440:3|PROD-309:3|PROD-778:1
user63@example.com,PAID,2024-10-09T17:00,PROD-891:3|PROD-190:1|PROD-63:2
user338@example.com,NEW,2024-03-01T10:00,PROD-773:1|PROD-401:1
user257@example.com,PAID,2024-05-15T21:00,PROD-290:2
user178@example.com,PAID,2024-08-09T11:00,PROD-97:2|PROD-325:2|PROD-402:3|PROD-250:1
user426@example.com,PAID,2023-03-08T14:00,PROD-271:3
user176@example.com,PAID,2023-08-10T21:00,PROD-312:2
user282@example.com,PAID,2023-02-01T14:00,PROD-751:2|PROD-324:3
user383@example.com,PAID,2024-08-06T11:00,PROD-990:3
user391@example.com,PAID,2024-05-18T12:00,PROD-240:2|PROD-567:1
user397@example.com,PAID,2023-03-22T21:00,PROD-358:2|PROD-523:3|PROD-213:3|PROD-717:3
user280@example.com,PAID,2024-09-16T12:00,PROD-345:3
user204@example.com,PAID,2024-08-16T15:00,PROD-187:2
user58@example.com,NEW,2024-07-24T19:00,PROD-878:1
user426@example.com,PAID,2023-07-06T18:00,PROD-641:2|PROD-607:2|PROD-78:2
user467@example.com,CANCELLED,2024-09-18T11:00,PROD-44:1|PROD-796:2|PROD-827:3|PROD-559:3
user76@example.com,PAID,2024-08-11T14:00,PROD-857:1
user280@example.com,PAID,2024-01-19T20:00,PROD-649:3|PROD-297:1
user369@example.com,CANCELLED,2023-03-20T14:00,PROD-342:1|PROD-244:1|PROD-31:3
user273@example.com,PAID,2024-06-15T16:00,PROD-782:3|PROD-307:1
user232@example.com,CANCELLED,2024-03-03T20:00,PROD-951:2|PROD-281:2|PROD-132:3|PROD-341:3
user101@example.com,PAID,2023-08-27T21:00,PROD-213:1
user476@example.com,PAID,2023-09-27T18:00,PROD-367:2|PROD-85:2
user211@example.com,PAID,2024-07-22T17:00,PROD-982:3|PROD-815:1|PROD-298:3
user74@example.com,PAID,2024-11-03T14:00,PROD-27:3|PROD-361:3|PROD-683:3|PROD-567:1
user442@example.com,PAID,2024-09-21T12:00,PROD-315:1|PROD-432:1
user132@example.com,CANCELLED,2023-03-05T10:00,PROD-840:3|PROD-875:2
user97@example.com,PAID,2024-01-17T15:00,PROD-388:1|PROD-628:3
user333@example.com,NEW,2023-11-15T11:00,PROD-617:2|PROD-600:2|PROD-632:3
user74@example.com,PAID,2023-06-21T10:00,PROD-202:1|PROD-492:1|PROD-282:1
user15@example.com,CANCELLED,2024-09-12T15:00,PROD-965:1
user362@example.com,PAID,2023-10-20T10:00,PROD-649:2|PROD-562:2|PROD-281:1
user161@example.com,CANCELLED,2023-11-28T17:00,PROD-782:1
user216@example.com,CANCELLED,2024-07-11T10:00,PROD-802:2|PROD-744:3
user389@example.com,CANCELLED,2024-05-07T19:00,PROD-607:3|PROD-233:3|PROD-922:2
user25@example.com,NEW,2023-10-01T18:00,PROD-588:3|PROD-211:1
user414@example.com,PAID,2024-02-12T12:00,PROD-321:2|PROD-346:3|PROD-158:1
user357@example.com,CANCELLED,2024-01-20T10:00,PROD-313:1
user95@example.com,PAID,2023-03-20T19:00,PROD-396:3|PROD-396:2|PROD-349:3
user242@example.com,PAID,2023-09-19T14:00,PROD-202:1
user86@example.com,PAID,2023-10-01T19:00,PROD-430:1
user336@example.com,PAID,2024-10-22T20:00,PROD-675:2|PROD-795:2|PROD-861:2
user140@example.com,NEW,2024-02-02T19:00,PROD-52:1|PROD-484:2|PROD-633:3
user27@example.com,NEW,2024-07-15T15:00,PROD-561:2|PROD-366:2|PROD-567:3
user113@example.com,CANCELLED,2023-09-30T20:00,PROD-296:2|PROD-923:3|PROD-229:3
user316@example.com,NEW,2023-03-24T14:00,PROD-305:3
user334@example.com,PAID,2024-10-24T20:00,PROD-982:2
user305@example.com,PAID,2023-07-12T13:00,PROD-499:1|PROD-390:1|PROD-560:2|PROD-652:3
user464@example.com,PAID,2024-07-08T21:00,PROD-943:3
user220@example.com,PAID,2024-08-26T12:00,PROD-797:3
user378@example.com,CANCELLED,2024-08-22T18:00,PROD-675:2|PROD-109:1
user353@example.com,NEW,2023-05-23T16:00,PROD-474:2
user120@example.com,PAID,2023-04-06T11:00,PROD-164:3|PROD-912:3
user264@example.com,PAID,2023-07-01T16:00,PROD-983:2|PROD-670:2|PROD-673:2
user318@example.com,PAID,2023-03-26T12:00,PROD-491:2
user309@example.com,PAID,2024-07-18T14:00,PROD-519:1|PROD-923:1|PROD-965:1
user431@example.com,PAID,2023-07-30T14:00,PROD-743:2
user30@example.com,PAID,2024-12-21T10:00,PROD-270:3|PROD-77:2|PROD-871:2
user411@example.com,NEW,2023-07-27T14:00,PROD-593:3|PROD-127:3
user100@example.com,PAID,2024-09-04T16:00,PROD-376:1|PROD-417:3
user181@example.com,PAID,2023-06-02T16:00,PROD-856:2
user183@example.com,PAID,2024-03-30T12:00,PROD-112:1|PROD-738:1|PROD-150:1|PROD-48:1
user103@example.com,PAID,2024-06-19T16:00,PROD-932:1
user332@example.com,NEW,2024-06-03T12:00,PROD-4:2|PROD-511:2|PROD-759:1
user270@example.com,PAID,2024-06-14T15:00,PROD-519:1|PROD-567:3
user451@example.com,PAID,2024-10-10T13:00,PROD-933:2|PROD-611:3|PROD-454:2|PROD-461:3
user500@example.com,NEW,2023-05-11T16:00,PROD-898:2
user192@example.com,NEW,2023-02-27T13:00,PROD-632:1
user147@example.com,PAID,2024-05-29T11:00,PROD-891:2
user29@example.com,PAID,2023-10-29T21:00,PROD-639:1|PROD-795:2|PROD-194:1
user339@example.com,NEW,2024-07-15T11:00,PROD-369:2|PROD-43:3
user75@example.com,CANCELLED,2023-05-28T20:00,PROD-677:1|PROD-701:2
user229@example.com,CANCELLED,2024-12-15T21:00,PROD-880:1
user262@example.com,PAID,2024-08-27T10:00,PROD-195:1|PROD-344:2|PROD-63:3
user165@example.com,NEW,2023-03-15T10:00,PROD-822:2|PROD-853:2|PROD-599:3
user147@example.com,PAID,2024-02-18T14:00,PROD-673:3|PROD-927:2|PROD-397:2
user25@example.com,PAID,2023-03-03T13:00,PROD-698:3|PROD-360:3|PROD-311:3|PROD-385:3
user88@example.com,CANCELLED,2023-01-15T16:00,PROD-34:3|PROD-42:2|PROD-44:3
user48@example.com,NEW,2023-08-25T15:00,PROD-572:1
user442@example.com,PAID,2023-05-28T10:00,PROD-459:3|PROD-612:2
user86@example.com,CANCELLED,2024-11-28T20:00,PROD-934:1
user443@example.com,PAID,2023-03-31T21:00,PROD-97:2|PROD-506:2
user246@example.com,CANCELLED,2023-02-03T12:00,PROD-429:1|PROD-205:3|PROD-619:2
user387@example.com,PAID,2023-03-24T21:00,PROD-259:3|PROD-349:3|PROD-477:1
user105@example.com,PAID,2024-05-10T19:00,PROD-240:3|PROD-688:1|PROD-416:3|PROD-979:3
user374@example.com,NEW,2023-11-21T20:00,PROD-858:2
user155@example.com,PAID,2023-06-04T15:00,PROD-49:2|PROD-223:2|PROD-574:1|PROD-149:2
user374@example.com,PAID,2024-03-31T18:00,PROD-578:3|PROD-333:2|PROD-764:3
user117@example.com,PAID,2024-03-27T19:00,PROD-979:1
user268@example.com,NEW,2023-05-25T17:00,PROD-4:1|PROD-894:2|PROD-769:3
user239@example.com,NEW,2023-02-20T14:00,PROD-435:3|PROD-299:2|PROD-871:3|PROD-838:3
user141@example.com,NEW,2024-10-22T17:00,PROD-419:1
user426@example.com,NEW,2024-10-11T20:00,PROD-329:3|PROD-332:3|PROD-748:3|PROD-930:3
user140@example.com,PAID,2023-12-25T14:00,PROD-848:3
user215@example.com,PAID,2023-04-29T13:00,PROD-763:3|PROD-992:1
user136@example.com,CANCELLED,2024-11-07T14:00,PROD-36:2|PROD-216:2
user249@example.com,NEW,2024-03-06T21:00,PROD-743:1
user360@example.com,PAID,2023-11-12T16:00,PROD-207:3
user343@example.com,PAID,2024-08-12T19:00,PROD-295:2|PROD-187:3|PROD-846:1|PROD-108:2
user276@example.com,PAID,2024-05-09T13:00,PROD-674:2|PROD-601:3|PROD-87:3|PROD-485:3
user237@example.com,PAID,2024-04-04T18:00,PROD-401:1|PROD-691:1
user135@example.com,PAID,2023-01-02T14:00,PROD-97:3
user356@example.com,PAID,2023-12-16T20:00,PROD-482:1|PROD-871:1
user442@example.com,CANCELLED,2024-03-03T14:00,PROD-236:1|PROD-17:3
user259@example.com,PAID,2024-05-29T12:00,PROD-547:2|PROD-931:3
user62@example.com,CANCELLED,2023-03-17T20:00,PROD-991:2|PROD-355:3|PROD-207:3
user325@example.com,PAID,2023-09-30T19:00,PROD-27:3|PROD-39:3|PROD-107:3
user277@example.com,CANCELLED,2023-12-30T21:00,PROD-577:1|PROD-824:3|PROD-453:2
user463@example.com,NEW,2024-12-04T15:00,PROD-944:1|PROD-944:1|PROD-51:2|PROD-465:2
user127@example.com,PAID,2024-11-25T16:00,PROD-936:2
user201@example.com,CANCELLED,2024-03-23T18:00,PROD-496:1|PROD-816:3|PROD-2:2|PROD-53:1
user329@example.com,PAID,2023-03-07T20:00,PROD-555:1
user66@example.com,PAID,2024-12-09T20:00,PROD-21:3
user256@example.com,PAID,2023-02-08T21:00,PROD-133:1|PROD-802:2|PROD-514:1|PROD-887:3
user428@example.com,PAID,2024-05-20T21:00,PROD-486:1|PROD-314:3|PROD-53:2
user368@example.com,CANCELLED,2024-06-04T13:00,PROD-415:2
user247@example.com,CANCELLED,2023-04-01T15:00,PROD-694:3|PROD-528:2|PROD-529:2|PROD-689:1
user365@example.com,PAID,2024-01-12T15:00,PROD-585:2
user282@example.com,PAID,2023-12-11T21:00,PROD-628:2
user298@example.com,PAID,2024-03-05T18:00,PROD-962:3|PROD-91:3|PROD-382:2
user300@example.com,NEW,2023-05-18T16:00,PROD-371:3|PROD-433:2|PROD-72:2|PROD-157:1
user260@example.com,CANCELLED,2024-01-16T20:00,PROD-29:3|PROD-368:1|PROD-161:2|PROD-228:2
user287@example.com,PAID,2023-04-26T21:00,PROD-559:3
user12@example.com,NEW,2023-10-16T21:00,PROD-83:2|PROD-698:1
user449@example.com,NEW,2024-09-12T20:00,PROD-182:2|PROD-31:1
user4@example.com,PAID,2023-08-26T19:00,PROD-358:2|PROD-597:2|PROD-427:3|PROD-887:1
user194@example.com,CANCELLED,2024-06-01T12:00,PROD-790:2|PROD-929:3|PROD-86:2
user204@example.com,PAID,2023-04-13T11:00,PROD-77:1|PROD-268:3
user330@example.com,PAID,2024-02-09T10:00,PROD-510:2|PROD-194:3|PROD-93:2
user26@example.com,CANCELLED,2023-06-11T14:00,PROD-717:1
user20@example.com,CANCELLED,2023-01-30T18:00,PROD-492:1|PROD-541:2|PROD-591:2|PROD-356:2
user146@example.com,PAID,2023-07-09T17:00,PROD-595:2|PROD-541:3|PROD-549:1|PROD-775:3
user69@example.com,CANCELLED,2024-07-01T18:00,PROD-628:3|PROD-742:3|PROD-72:2|PROD-25:2
user409@example.com,NEW,2023-12-14T21:00,PROD-76:3|PROD-83:3|PROD-228:3|PROD-111:2
user15@example.com,PAID,2024-11-06T15:00,PROD-965:1|PROD-137:2|PROD-775:2
user195@example.com,PAID,2023-02-22T12:00,PROD-869:3|PROD-135:3
user104@example.com,PAID,2024-05-25T11:00,PROD-15:3|PROD-52:3
user437@example.com,CANCELLED,2023-10-14T15:00,PROD-178:2
user170@example.com,PAID,2023-01-23T17:00,PROD-350:2
user342@example.com,CANCELLED,2024-03-09T18:00,PROD-894:3
user481@example.com,CANCELLED,2023-07-18T10:00,PROD-32:3|PROD-353:2|PROD-610:2|PROD-668:2
user70@example.com,PAID,2024-01-05T11:00,PROD-867:2|PROD-159:1|PROD-376:2
user321@example.com,CANCELLED,2024-02-27T18:00,PROD-50:3|PROD-948:2|PROD-648:2|PROD-76:2
user458@example.com,PAID,2023-04-21T14:00,PROD-740:2
user210@example.com,PAID,2023-09-11T17:00,PROD-798:2|PROD-970:1|PROD-301:1|PROD-685:1
user399@example.com,PAID,2023-06-21T14:00,PROD-986:1|PROD-143:1
user448@example.com,CANCELLED,2023-10-10T18:00,PROD-302:1|PROD-833:1
user111@example.com,PAID,2024-02-13T12:00,PROD-857:3
user148@example.com,NEW,2024-06-09T13:00,PROD-85:2|PROD-861:1|PROD-902:2|PROD-643:2
user210@example.com,PAID,2023-10-22T11:00,PROD-938:2|PROD-155:1|PROD-853:3|PROD-831:3
user152@example.com,PAID,2024-08-15T14:00,PROD-694:2|PROD-198:3
user56@example.com,NEW,2023-05-09T12:00,PROD-44:1|PROD-662:1|PROD-756:3
user296@example.com,PAID,2023-12-02T20:00,PROD-308:2|PROD-14:1
user412@example.com,PAID,2023-02-21T12:00,PROD-608:2
user471@example.com,PAID,2023-05-26T19:00,PROD-664:3
user441@example.com,CANCELLED,2024-09-23T16:00,PROD-532:3|PROD-73:3|PROD-361:3|PROD-6:2
user275@example.com,PAID,2023-08-11T15:00,PROD-672:3|PROD-735:2
user455@example.com,PAID,2024-01-14T17:00,PROD-223:1|PROD-208:3
user450@example.com,PAID,2024-05-16T18:00,PROD-56:1|PROD-956:1|PROD-266:2
user420@example.com,CANCELLED,2023-08-02T20:00,PROD-231:2|PROD-58:1|PROD-183:3|PROD-717:2
user303@example.com,CANCELLED,2023-08-05T14:00,PROD-855:3|PROD-629:2|PROD-215:3|PROD-831:2
user397@example.com,PAID,2024-12-19T15:00,PROD-208:2
user425@example.com,PAID,2024-07-09T13:00,PROD-669:2|PROD-320:2|PROD-381:3|PROD-539:1
user471@example.com,PAID,2023-11-27T16:00,PROD-891:3|PROD-492:3
user450@example.com,NEW,2024-12-01T21:00,PROD-986:2|PROD-489:3|PROD-864:3
user61@example.com,PAID,2023-01-16T18:00,PROD-365:1
user210@example.com,PAID,2024-12-19T18:00,PROD-919:2|PROD-676:2|PROD-421:1|PROD-308:1
user71@example.com,PAID,2024-04-13T14:00,PROD-310:2|PROD-393:1|PROD-506:3
user499@example.com,PAID,2023-10-07T12:00,PROD-771:1
user20@example.com,PAID,2024-08-26T18:00,PROD-775:3|PROD-560:3
user310@example.com,CANCELLED,2023-02-19T21:00,PROD-300:3
user413@example.com,PAID,2023-07-10T10:00,PROD-959:3
user329@example.com,PAID,2023-05-16T15:00,PROD-625:3|PROD-764:2|PROD-195:3|PROD-627:2
user350@example.com,PAID,2023-04-07T14:00,PROD-552:3
user421@example.com,PAID,2023-06-28T19:00,PROD-175:2|PROD-406:1|PROD-126:3|PROD-305:3
user161@example.com,NEW,2023-12-23T12:00,PROD-1:1|PROD-385:1|PROD-50:2|PROD-859:1
user355@example.com,NEW,2023-04-19T15:00,PROD-471:1|PROD-61:1|PROD-585:2|PROD-221:3
user203@example.com,PAID,2023-09-18T18:00,PROD-782:2|PROD-381:2|PROD-877:1|PROD-891:3
user53@example.com,PAID,2023-02-10T21:00,PROD-429:2|PROD-494:2|PROD-257:1
user411@example.com,CANCELLED,2024-05-22T11:00,PROD-48:2|PROD-215:3|PROD-49:2|PROD-741:2
user15@example.com,CANCELLED,2023-01-29T15:00,PROD-229:1|PROD-847:2|PROD-655:1
user235@example.com,PAID,2024-07-23T12:00,PROD-981:1
user21@example.com,PAID,2024-10-02T18:00,PROD-664:2|PROD-784:1
user349@example.com,PAID,2023-02-10T21:00,PROD-169:2|PROD-117:2|PROD-733:1|PROD-44:1
user46@example.com,NEW,2023-03-08T19:00,PROD-605:3|PROD-275:1|PROD-962:1|PROD-419:1
user332@example.com,PAID,2023-02-01T17:00,PROD-113:1|PROD-18:2|PROD-642:2
user167@example.com,PAID,2023-11-09T14:00,PROD-185:1|PROD-325:3
user126@example.com,PAID,2023-01-07T17:00,PROD-241:3|PROD-314:3
user17@example.com,NEW,2023-05-03T15:00,PROD-377:3
user131@example.com,PAID,2023-01-13T18:00,PROD-24:1|PROD-686:3|PROD-204:2
user301@example.com,PAID,2024-08-28T15:00,PROD-970:3|PROD-681:1
user31@example.com,PAID,2024-07-02T12:00,PROD-778:2|PROD-353:1
user144@example.com,PAID,2023-07-03T11:00,PROD-51:1|PROD-622:2
user475@example.com,NEW,2024-05-11T16:00,PROD-192:3|PROD-506:3|PROD-414:1|PROD-451:3
user355@example.com,PAID,2024-12-04T10:00,PROD-2:2|PROD-592:3
user144@example.com,PAID,2024-05-12T19:00,PROD-920:3
user82@example.com,PAID,2023-09-30T15:00,PROD-719:2|PROD-175:2|PROD-839:3|PROD-508:1
user246@example.com,NEW,2023-02-03T12:00,PROD-488:3|PROD-91:1
user221@example.com,PAID,2023-08-21T18:00,PROD-745:3|PROD-130:3
user357@example.com,PAID,2023-07-13T10:00,PROD-185:2|PROD-141:3|PROD-518:2
user386@example.com,NEW,2023-09-14T12:00,PROD-50:1
user96@example.com,PAID,2024-11-28T16:00,PROD-991:1|PROD-629:1|PROD-706:1
user74@example.com,PAID,2023-05-22T19:00,PROD-970:1|PROD-620:2
user389@example.com,PAID,2024-01-01T13:00,PROD-958:1
user343@example.com,CANCELLED,2023-02-19T10:00,PROD-463:3|PROD-675:3|PROD-14:3
user231@example.com,NEW,2023-10-05T15:00,PROD-732:1|PROD-113:3|PROD-759:1
user62@example.com,PAID,2023-10-30T10:00,PROD-978:3|PROD-589:2|PROD-751:1
user117@example.com,PAID,2023-08-04T21:00,PROD-802:1|PROD-999:2
user213@example.com,PAID,2024-07-24T19:00,PROD-638:1
user197@example.com,PAID,2023-02-16T15:00,PROD-791:1|PROD-401:1|PROD-636:3|PROD-156:3
user279@example.com,CANCELLED,2023-06-14T19:00,PROD-121:1
user210@example.com,PAID,2024-11-23T20:00,PROD-468:3|PROD-507:2
user257@example.com,PAID,2024-05-29T10:00,PROD-946:2
user268@example.com,CANCELLED,2024-02-05T21:00,PROD-934:2|PROD-438:3|PROD-612:3|PROD-978:3
user152@example.com,PAID,2023-03-18T18:00,PROD-930:3|PROD-480:1
user78@example.com,PAID,2023-04-13T12:00,PROD-266:2|PROD-471:3|PROD-84:3|PROD-284:2
user275@example.com,PAID,2023-11-17T16:00,PROD-271:1|PROD-610:3|PROD-281:1
user199@example.com,PAID,2024-10-29T16:00,PROD-570:2|PROD-1000:1|PROD-962:2|PROD-788:1
user415@example.com,PAID,2023-10-20T18:00,PROD-223:1|PROD-356:3|PROD-211:1
user398@example.com,PAID,2024-07-30T21:00,PROD-661:2|PROD-37:3|PROD-58:2
user216@example.com,CANCELLED,2023-01-13T13:00,PROD-194:3
user238@example.com,CANCELLED,2024-08-31T21:00,PROD-682:2
user386@example.com,PAID,2024-03-15T21:00,PROD-308:2|PROD-933:3
user383@example.com,CANCELLED,2024-06-01T12:00,PROD-311:2
user454@example.com,PAID,2023-05-15T11:00,PROD-661:2|PROD-280:1
user223@example.com,NEW,2023-03-22T17:00,PROD-14:2|PROD-645:1|PROD-976:2|PROD-935:3
user383@example.com,NEW,2024-05-15T13:00,PROD-121:1|PROD-628:1
user39@example.com,PAID,2023-01-29T17:00,PROD-271:2|PROD-984:1|PROD-758:1|PROD-593:3
user332@example.com,PAID,2023-08-02T13:00,PROD-196:3|PROD-9:2
user256@example.com,PAID,2024-11-29T18:00,PROD-18:1|PROD-244:3
user189@example.com,PAID,2024-12-26T21:00,PROD-50:3
user73@example.com,PAID,2023-08-03T15:00,PROD-504:3|PROD-675:2|PROD-525:1
user91@example.com,PAID,2024-11-09T15:00,PROD-267:2
user401@example.com,PAID,2024-10-16T18:00,PROD-30:3
user485@example.com,PAID,2024-09-09T16:00,PROD-203:2|PROD-970:1|PROD-298:2|PROD-661:3
user294@example.com,PAID,2023-11-04T18:00,PROD-886:2|PROD-361:3
user340@example.com,CANCELLED,2023-08-07T14:00,PROD-949:2|PROD-143:3
user433@example.com,PAID,2023-11-14T10:00,PROD-917:1|PROD-860:2|PROD-88:1|PROD-109:1
user67@example.com,NEW,2024-02-08T17:00,PROD-203:1|PROD-141:3|PROD-997:2
user35@example.com,NEW,2024-01-30T17:00,PROD-944:3|PROD-803:3|PROD-8:2|PROD-176:3
user25@example.com,NEW,2024-05-30T14:00,PROD-272:1|PROD-55:1|PROD-549:3|PROD-496:3
user95@example.com,PAID,2024-12-01T19:00,PROD-130:3|PROD-413:3
user283@example.com,CANCELLED,2024-02-23T16:00,PROD-698:2
user342@example.com,PAID,2023-05-25T11:00,PROD-523:1|PROD-521:3|PROD-652:2|PROD-903:3
user407@example.com,NEW,2023-03-09T14:00,PROD-250:3
user482@example.com,PAID,2023-08-24T14:00,PROD-154:2
user491@example.com,PAID,2023-06-20T21:00,PROD-560:2|PROD-729:3|PROD-973:3
user151@example.com,PAID,2024-05-25T13:00,PROD-769:2|PROD-520:3
user465@example.com,NEW,2024-11-15T16:00,PROD-787:3|PROD-411:3|PROD-814:2|PROD-169:3
user426@example.com,PAID,2023-08-06T19:00,PROD-444:2
user85@example.com,PAID,2024-10-30T13:00,PROD-318:2|PROD-38:1|PROD-940:1|PROD-263:3
user456@example.com,PAID,2024-01-18T13:00,PROD-391:1|PROD-3:2|PROD-985:2|PROD-536:3
user197@example.com,PAID,2023-10-04T15:00,PROD-384:3|PROD-96:2|PROD-113:1|PROD-508:2
user212@example.com,NEW,2023-03-07T21:00,PROD-552:1|PROD-18:2|PROD-164:1
user248@example.com,NEW,2023-10-14T13:00,PROD-202:1|PROD-844:1|PROD-257:3|PROD-355:1
user162@example.com,PAID,2024-02-27T14:00,PROD-488:2|PROD-197:2|PROD-531:3|PROD-563:1
user416@example.com,PAID,2024-08-23T10:00,PROD-393:3|PROD-848:2|PROD-25:3
user274@example.com,CANCELLED,2024-02-17T18:00,PROD-575:1|PROD-783:1|PROD-29:3|PROD-690:2
user346@example.com,PAID,2023-01-15T20:00,PROD-321:1|PROD-785:2
user45@example.com,PAID,2024-03-17T17:00,PROD-233:2|PROD-496:2
user345@example.com,CANCELLED,2023-09-02T13:00,PROD-89:2|PROD-733:3|PROD-981:2|PROD-879:2
user435@example.com,PAID,2023-06-15T10:00,PROD-911:3|PROD-29:3|PROD-643:3
user192@example.com,PAID,2024-06-24T20:00,PROD-150:3
user76@example.com,PAID,2024-08-13T10:00,PROD-534:1|PROD-594:2|PROD-854:2|PROD-704:3
user449@example.com,NEW,2023-11-22T16:00,PROD-215:2|PROD-962:3|PROD-156:3
user376@example.com,PAID,2023-10-22T19:00,PROD-847:1|PROD-381:3|PROD-111:3|PROD-439:2
user326@example.com,PAID,2024-06-20T16:00,PROD-431:2|PROD-331:3|PROD-712:2
user228@example.com,PAID,2023-02-08T13:00,PROD-948:3|PROD-949:1|PROD-143:2
user38@example.com,PAID,2023-04-05T17:00,PROD-383:2|PROD-90:2|PROD-42:3
user486@example.com,PAID,2023-08-30T15:00,PROD-881:2
user62@example.com,PAID,2023-04-21T20:00,PROD-449:2
user298@example.com,NEW,2024-06-07T12:00,PROD-782:1|PROD-117:2
user192@example.com,CANCELLED,2024-10-01T14:00,PROD-773:3|PROD-864:1|PROD-901:3
user302@example.com,PAID,2023-03-01T20:00,PROD-961:3|PROD-440:3
user339@example.com,PAID,2024-08-04T14:00,PROD-128:1|PROD-356:2
user316@example.com,PAID,2024-04-17T18:00,PROD-454:3|PROD-910:1
user94@example.com,NEW,2023-12-25T21:00,PROD-671:2|PROD-181:3
user201@example.com,PAID,2024-07-24T18:00,PROD-765:3
user194@example.com,CANCELLED,2023-10-17T16:00,PROD-942:2|PROD-936:2|PROD-815:1
user477@example.com,NEW,2024-09-28T14:00,PROD-482:3|PROD-546:1|PROD-477:1
user284@example.com,PAID,2024-12-05T18:00,PROD-297:3|PROD-334:3|PROD-732:1
user120@example.com,PAID,2023-04-11T13:00,PROD-429:3|PROD-654:1|PROD-753:2
user316@example.com,PAID,2024-03-05T13:00,PROD-243:3|PROD-649:2|PROD-125:3|PROD-153:2
user269@example.com,PAID,2024-04-07T13:00,PROD-295:1|PROD-966:3|PROD-613:3
user272@example.com,CANCELLED,2024-09-18T11:00,PROD-316:2|PROD-590:1|PROD-90:2|PROD-205:2
user171@example.com,PAID,2023-09-21T20:00,PROD-884:3
user108@example.com,PAID,2023-06-14T17:00,PROD-128:1|PROD-922:1
user171@example.com,PAID,2024-04-20T13:00,PROD-17:3|PROD-573:1
user395@example.com,NEW,2023-05-10T21:00,PROD-678:1
user159@example.com,PAID,2023-06-19T15:00,PROD-815:3|PROD-601:1
user262@example.com,PAID,2023-06-16T18:00,PROD-497:2|PROD-201:3|PROD-857:3|PROD-794:2
user373@example.com,PAID,2023-08-05T19:00,PROD-886:1|PROD-597:2
user85@example.com,NEW,2023-04-25T12:00,PROD-715:1|PROD-444:3
user463@example.com,PAID,2024-10-23T21:00,PROD-774:1|PROD-130:2
user252@example.com,PAID,2024-02-13T20:00,PROD-686:3
user185@example.com,NEW,2024-08-25T11:00,PROD-893:2|PROD-677:3
user120@example.com,PAID,2024-05-26T16:00,PROD-904:1|PROD-821:3
user375@example.com,CANCELLED,2024-02-07T19:00,PROD-529:2|PROD-253:1|PROD-890:3
user204@example.com,PAID,2023-06-12T10:00,PROD-446:1
user101@example.com,PAID,2023-02-18T15:00,PROD-667:1
user197@example.com,PAID,2023-10-18T10:00,PROD-759:2|PROD-915:2
user270@example.com,PAID,2023-09-05T18:00,PROD-14:2
user341@example.com,PAID,2023-10-21T10:00,PROD-366:3|PROD-427:2|PROD-205:3|PROD-886:1
user186@example.com,PAID,2023-11-09T15:00,PROD-360:2|PROD-824:1|PROD-200:2|PROD-857:3
user24@example.com,PAID,2024-06-19T13:00,PROD-430:3|PROD-58:3|PROD-8:3
user361@example.com,NEW,2024-12-08T19:00,PROD-436:2|PROD-28:1
user180@example.com,PAID,2023-07-21T15:00,PROD-844:1|PROD-218:1
user398@example.com,CANCELLED,2023-12-22T11:00,PROD-625:1|PROD-666:2|PROD-790:2|PROD-387:2
user119@example.com,CANCELLED,2024-10-14T12:00,PROD-712:2|PROD-48:1|PROD-978:3
user162@example.com,NEW,2024-10-30T18:00,PROD-7:1
user53@example.com,PAID,2023-06-29T16:00,PROD-688:3|PROD-868:2
user337@example.com,NEW,2024-01-21T12:00,PROD-233:1|PROD-408:3
user344@example.com,PAID,2023-07-13T21:00,PROD-304:1|PROD-121:3|PROD-25:1
user481@example.com,NEW,2023-08-02T11:00,PROD-817:3
user282@example.com,NEW,2023-11-09T19:00,PROD-723:2|PROD-540:2
user490@example.com,PAID,2024-02-12T17:00,PROD-455:1|PROD-513:1|PROD-110:2|PROD-258:3
user75@example.com,PAID,2024-04-30T19:00,PROD-272:2|PROD-79:2|PROD-288:3
user205@example.com,NEW,2023-08-30T12:00,PROD-143:2
user499@example.com,NEW,2024-12-18T15:00,PROD-665:3|PROD-739:3
user125@example.com,PAID,2024-01-15T19:00,PROD-425:2|PROD-632:3|PROD-52:3
user355@example.com,CANCELLED,2024-05-07T17:00,PROD-409:2|PROD-10:2|PROD-48:1
user486@example.com,PAID,2024-07-18T17:00,PROD-228:2
user344@example.com,PAID,2024-02-15T11:00,PROD-554:3|PROD-901:1
user254@example.com,PAID,2024-12-29T14:00,PROD-831:3
user297@example.com,PAID,2023-11-01T17:00,PROD-987:3
user116@example.com,PAID,2024-08-15T20:00,PROD-780:2|PROD-745:2
user302@example.com,PAID,2024-11-25T16:00,PROD-395:2
user131@example.com,CANCELLED,2023-02-11T18:00,PROD-68:2
user130@example.com,NEW,2024-03-16T10:00,PROD-897:2|PROD-856:1|PROD-169:2
user428@example.com,PAID,2024-12-15T16:00,PROD-467:3
user32@example.com,PAID,2024-11-04T14:00,PROD-802:1|PROD-548:2|PROD-696:1|PROD-813:2
user294@example.com,PAID,2023-08-30T11:00,PROD-253:1|PROD-235:2|PROD-544:1|PROD-84:2
user108@example.com,NEW,2024-09-14T19:00,PROD-686:3
user461@example.com,PAID,2024-02-07T10:00,PROD-537:1|PROD-422:1|PROD-258:2|PROD-913:3
user120@example.com,PAID,2023-10-04T17:00,PROD-179:1|PROD-769:2|PROD-493:2|PROD-250:2
user65@example.com,PAID,2024-11-05T17:00,PROD-32:1|PROD-394:3|PROD-712:2
user32@example.com,PAID,2024-12-03T20:00,PROD-654:1|PROD-95:1|PROD-239:1
user62@example.com,PAID,2023-06-16T13:00,PROD-960:1|PROD-399:3|PROD-92:3|PROD-931:2
user427@example.com,NEW,2023-05-01T16:00,PROD-381:2|PROD-255:1|PROD-219:1|PROD-626:1
user176@example.com,CANCELLED,2023-05-03T20:00,PROD-525:3
user331@example.com,CANCELLED,2023-11-02T21:00,PROD-829:2
user86@example.com,CANCELLED,2024-03-05T20:00,PROD-903:1|PROD-582:3
user179@example.com,PAID,2024-07-06T18:00,PROD-300:1|PROD-50:1|PROD-236:1|PROD-295:2
user256@example.com,PAID,2023-02-21T15:00,PROD-518:3
user450@example.com,PAID,2023-07-23T11:00,PROD-718:2
user275@example.com,PAID,2024-09-28T16:00,PROD-175:3|PROD-546:1|PROD-928:2|PROD-39:3
user17@example.com,NEW,2024-07-28T17:00,PROD-230:2|PROD-846:2|PROD-906:1|PROD-954:2
user333@example.com,PAID,2024-10-07T13:00,PROD-688:3
user356@example.com,PAID,2023-03-17T20:00,PROD-144:1|PROD-417:2|PROD-925:1|PROD-318:1
user459@example.com,PAID,2024-05-27T14:00,PROD-556:2|PROD-329:3|PROD-864:1|PROD-138:2
user487@example.com,PAID,2023-12-09T21:00,PROD-54:1|PROD-722:2
user257@example.com,PAID,2024-11-05T13:00,PROD-12:3|PROD-256:1|PROD-30:1
user364@example.com,CANCELLED,2023-03-05T11:00,PROD-991:3|PROD-297:3|PROD-43:1
user144@example.com,CANCELLED,2023-09-29T14:00,PROD-691:3|PROD-211:1
user389@example.com,CANCELLED,2023-01-20T15:00,PROD-355:1|PROD-578:3|PROD-791:2
user368@example.com,PAID,2023-09-11T15:00,PROD-405:2|PROD-8:1|PROD-829:1|PROD-484:2
user144@example.com,NEW,2023-01-13T17:00,PROD-516:1|PROD-451:3|PROD-792:3|PROD-280:3
user410@example.com,NEW,2023-03-18T10:00,PROD-304:2|PROD-609:3
user270@example.com,CANCELLED,2023-04-09T13:00,PROD-41:1|PROD-646:3|PROD-659:2|PROD-75:1
user445@example.com,PAID,2024-12-27T21:00,PROD-532:2|PROD-285:2
user181@example.com,PAID,2023-10-14T16:00,PROD-900:3
user111@example.com,PAID,2024-10-20T14:00,PROD-158:1
user231@example.com,PAID,2024-05-22T11:00,PROD-769:3|PROD-603:3
user321@example.com,CANCELLED,2023-03-13T21:00,PROD-24:3
user135@example.com,PAID,2023-12-18T13:00,PROD-560:3|PROD-277:1|PROD-205:1
user473@example.com,PAID,2023-02-04T20:00,PROD-107:2|PROD-828:2
user148@example.com,NEW,2023-11-10T18:00,PROD-489:2|PROD-630:2
user262@example.com,PAID,2024-08-05T19:00,PROD-118:1|PROD-559:1|PROD-901:3
user62@example.com,PAID,2024-08-31T13:00,PROD-826:2|PROD-117:2|PROD-27:1|PROD-730:3
user290@example.com,PAID,2023-03-20T20:00,PROD-894:2|PROD-424:3
user255@example.com,PAID,2024-01-27T15:00,PROD-1:2|PROD-342:1|PROD-653:3
user164@example.com,CANCELLED,2023-01-26T21:00,PROD-242:1
user296@example.com,CANCELLED,2023-10-10T21:00,PROD-971:1
user384@example.com,CANCELLED,2023-09-02T20:00,PROD-573:3
user2@example.com,PAID,2024-12-08T14:00,PROD-386:3|PROD-952:2|PROD-709:3|PROD-838:1
user32@example.com,NEW,2024-05-29T18:00,PROD-69:3|PROD-207:1|PROD-944:3|PROD-589:2
user20@example.com,PAID,2024-08-15T13:00,PROD-979:2|PROD-455:2|PROD-433:3|PROD-589:3
user312@example.com,PAID,2023-08-24T19:00,PROD-917:1|PROD-244:3
user49@example.com,PAID,2023-11-14T15:00,PROD-591:2|PROD-217:3
user487@example.com,PAID,2023-07-25T15:00,PROD-885:2
user383@example.com,PAID,2024-07-28T18:00,PROD-158:3|PROD-51:3|PROD-808:3|PROD-142:1
user372@example.com,PAID,2024-10-08T20:00,PROD-669:3
user248@example.com,PAID,2024-07-12T18:00,PROD-609:2|PROD-615:3|PROD-76:3
user270@example.com,PAID,2024-11-01T18:00,PROD-224:3|PROD-575:2|PROD-198:1
user424@example.com,PAID,2024-03-26T10:00,PROD-705:1|PROD-785:2|PROD-185:3
user69@example.com,NEW,2023-06-21T10:00,PROD-330:3|PROD-231:2|PROD-471:1
user483@example.com,NEW,2024-10-01T12:00,PROD-750:3|PROD-539:1|PROD-904:3|PROD-779:2
user438@example.com,PAID,2024-03-14T17:00,PROD-832:2
user294@example.com,PAID,2024-05-31T18:00,PROD-135:3|PROD-714:1|PROD-299:2
user141@example.com,PAID,2024-01-13T14:00,PROD-125:1|PROD-233:1|PROD-834:3
user250@example.com,CANCELLED,2024-06-22T19:00,PROD-806:3|PROD-733:2|PROD-425:2
user221@example.com,PAID,2023-06-06T20:00,PROD-375:3|PROD-888:3|PROD-611:3|PROD-347:1
user96@example.com,NEW,2024-07-21T17:00,PROD-14:3|PROD-701:1|PROD-614:3|PROD-938:2
user403@example.com,CANCELLED,2024-08-25T13:00,PROD-156:1|PROD-322:3
user478@example.com,CANCELLED,2024-06-17T17:00,PROD-432:2|PROD-200:2|PROD-60:3
user301@example.com,PAID,2023-11-17T21:00,PROD-889:3|PROD-189:1|PROD-807:2|PROD-917:1
user115@example.com,PAID,2024-06-15T20:00,PROD-968:2
user108@example.com,PAID,2024-11-20T10:00,PROD-151:2|PROD-433:3|PROD-249:2
user382@example.com,CANCELLED,2023-09-21T17:00,PROD-804:3|PROD-606:2|PROD-454:3
user429@example.com,PAID,2024-12-06T17:00,PROD-556:1|PROD-240:3
user287@example.com,PAID,2023-11-20T18:00,PROD-315:3|PROD-164:1|PROD-158:3
user72@example.com,CANCELLED,2024-05-21T11:00,PROD-430:2|PROD-171:3|PROD-655:3|PROD-453:1
user386@example.com,NEW,2024-03-03T12:00,PROD-838:3|PROD-990:1
user32@example.com,PAID,2023-05-01T11:00,PROD-3:2
user481@example.com,CANCELLED,2023-12-27T21:00,PROD-391:2|PROD-604:3
user122@example.com,PAID,2024-03-08T13:00,PROD-852:1|PROD-60:2
user490@example.com,PAID,2023-05-20T20:00,PROD-860:3
user428@example.com,PAID,2024-05-05T20:00,PROD-944:2|PROD-40:2|PROD-708:1
user192@example.com,PAID,2023-04-28T14:00,PROD-1000:1|PROD-992:2
user406@example.com,CANCELLED,2023-07-11T10:00,PROD-172:1|PROD-258:2
user203@example.com,PAID,2024-04-02T17:00,PROD-227:3|PROD-23:2
user100@example.com,NEW,2023-01-31T21:00,PROD-802:1|PROD-361:2|PROD-338:1
user369@example.com,CANCELLED,2024-10-09T21:00,PROD-936:2|PROD-902:2
user23@example.com,PAID,2024-10-10T17:00,PROD-804:2|PROD-155:1|PROD-249:2|PROD-643:1
user303@example.com,PAID,2023-01-22T11:00,PROD-104:2|PROD-152:2
user243@example.com,PAID,2024-04-29T14:00,PROD-551:2|PROD-337:1|PROD-869:2
user200@example.com,PAID,2024-07-13T10:00,PROD-320:2|PROD-854:2|PROD-148:3
user320@example.com,CANCELLED,2023-03-16T21:00,PROD-892:3|PROD-255:1|PROD-219:1|PROD-87:2
user133@example.com,PAID,2023-10-28T20:00,PROD-62:1|PROD-842:2|PROD-905:1|PROD-641:1
user171@example.com,NEW,2024-07-19T20:00,PROD-284:1|PROD-377:3
user296@example.com,PAID,2024-05-06T12:00,PROD-638:2|PROD-131:1|PROD-574:2|PROD-557:3
user248@example.com,PAID,2024-11-26T15:00,PROD-706:1
user346@example.com,PAID,2023-04-07T20:00,PROD-254:3|PROD-486:2|PROD-991:1|PROD-903:2
user305@example.com,PAID,2023-02-18T19:00,PROD-866:1|PROD-720:1|PROD-420:2
user247@example.com,PAID,2023-02-07T11:00,PROD-561:1
user290@example.com,PAID,2024-03-11T18:00,PROD-238:3|PROD-517:1
user50@example.com,PAID,2024-12-20T12:00,PROD-858:2|PROD-71:2
user463@example.com,PAID,2024-12-15T13:00,PROD-355:2|PROD-22:2
user134@example.com,NEW,2023-06-22T19:00,PROD-996:2|PROD-991:2|PROD-858:2
user338@example.com,CANCELLED,2023-08-23T11:00,PROD-215:3|PROD-509:2|PROD-972:2
user2@example.com,PAID,2023-02-22T16:00,PROD-65:1|PROD-638:2|PROD-313:3|PROD-277:3
user110@example.com,PAID,2024-06-25T18:00,PROD-517:3|PROD-432:1|PROD-287:2|PROD-93:2
user94@example.com,NEW,2023-03-23T11:00,PROD-181:1|PROD-490:1|PROD-228:3|PROD-246:3
user262@example.com,PAID,2024-11-26T18:00,PROD-548:3|PROD-987:2|PROD-565:2|PROD-974:2
user147@example.com,NEW,2024-03-21T18:00,PROD-89:3|PROD-216:2
user343@example.com,PAID,2024-12-19T17:00,PROD-658:3|PROD-404:1|PROD-755:3
user229@example.com,PAID,2023-05-26T21:00,PROD-98:2
user197@example.com,PAID,2023-12-14T16:00,PROD-685:1
user421@example.com,NEW,2024-12-07T19:00,PROD-99:1|PROD-585:2|PROD-581:2
user131@example.com,CANCELLED,2023-10-21T12:00,PROD-729:1
user106@example.com,PAID,2023-07-29T12:00,PROD-60:1
user416@example.com,CANCELLED,2024-01-20T12:00,PROD-342:1|PROD-143:3|PROD-686:2
user342@example.com,PAID,2024-01-02T21:00,PROD-785:2
user306@example.com,CANCELLED,2024-02-29T16:00,PROD-494:1|PROD-272:2|PROD-347:2|PROD-727:2
user10@example.com,CANCELLED,2024-03-10T13:00,PROD-532:1|PROD-341:3|PROD-209:3
user64@example.com,CANCELLED,2024-03-31T10:00,PROD-858:2
user148@example.com,PAID,2024-08-17T21:00,PROD-297:3
user134@example.com,PAID,2024-11-12T19:00,PROD-54:2|PROD-45:1|PROD-493:2
user134@example.com,CANCELLED,2024-03-27T19:00,PROD-105:3|PROD-662:3|PROD-119:1|PROD-272:1
user255@example.com,CANCELLED,2023-06-11T12:00,PROD-188:2
user382@example.com,PAID,2023-07-01T11:00,PROD-913:3|PROD-653:1|PROD-718:1
user450@example.com,NEW,2023-12-04T10:00,PROD-414:2|PROD-100:2
user60@example.com,CANCELLED,2024-03-13T12:00,PROD-265:3
user95@example.com,PAID,2023-07-22T20:00,PROD-944:2
user210@example.com,NEW,2024-01-28T17:00,PROD-664:3|PROD-947:1|PROD-905:1|PROD-121:3
user248@example.com,CANCELLED,2023-08-26T19:00,PROD-639:1
user314@example.com,CANCELLED,2023-04-23T16:00,PROD-500:2|PROD-794:2
user116@example.com,PAID,2023-05-21T10:00,PROD-862:2|PROD-111:1|PROD-679:3
user366@example.com,PAID,2024-11-13T16:00,PROD-874:3|PROD-79:2
user137@example.com,PAID,2024-08-10T12:00,PROD-600:3
user161@example.com,PAID,2023-02-17T15:00,PROD-543:3|PROD-92:3|PROD-633:2|PROD-877:1
user395@example.com,PAID,2024-03-14T14:00,PROD-542:1|PROD-541:2|PROD-955:3|PROD-988:3
user118@example.com,PAID,2024-01-05T17:00,PROD-985:3
user203@example.com,NEW,2023-08-29T14:00,PROD-985:2|PROD-536:3|PROD-271:3|PROD-58:1
user64@example.com,PAID,2024-11-05T13:00,PROD-122:1
user492@example.com,PAID,2023-06-19T13:00,PROD-918:1|PROD-808:1
user481@example.com,PAID,2024-11-20T17:00,PROD-559:3|PROD-613:2
user348@example.com,PAID,2023-10-27T14:00,PROD-368:3|PROD-101:2|PROD-312:3|PROD-772:2
user5@example.com,PAID,2024-04-15T16:00,PROD-922:3|PROD-7:3|PROD-286:3|PROD-908:2
user484@example.com,NEW,2024-10-04T18:00,PROD-853:3|PROD-199:2|PROD-106:2|PROD-172:2
user386@example.com,PAID,2023-03-09T18:00,PROD-648:3
user290@example.com,PAID,2024-11-25T11:00,PROD-497:3|PROD-289:2|PROD-78:2|PROD-588:2
user100@example.com,PAID,2023-02-18T20:00,PROD-777:3|PROD-241:3
user288@example.com,PAID,2024-10-17T18:00,PROD-257:1|PROD-775:1|PROD-527:1|PROD-152:2
user292@example.com,CANCELLED,2024-10-06T10:00,PROD-202:2|PROD-912:1|PROD-713:3|PROD-461:2
user304@example.com,PAID,2023-12-08T17:00,PROD-783:2|PROD-996:1|PROD-571:2
user315@example.com,PAID,2023-12-10T11:00,PROD-241:2|PROD-389:3|PROD-823:1|PROD-506:1
user354@example.com,CANCELLED,2024-11-23T13:00,PROD-359:2
user215@example.com,PAID,2024-11-24T13:00,PROD-359:3|PROD-208:1|PROD-719:2|PROD-229:1
user218@example.com,PAID,2023-04-12T10:00,PROD-415:3
user137@example.com,NEW,2023-09-02T11:00,PROD-750:2|PROD-670:1|PROD-191:3|PROD-43:3
user361@example.com,PAID,2023-04-22T14:00,PROD-326:1|PROD-836:2|PROD-28:2|PROD-282:3
user479@example.com,PAID,2023-12-12T21:00,PROD-173:3|PROD-65:2
user88@example.com,PAID,2023-03-09T14:00,PROD-14:3|PROD-284:3|PROD-46:1
user156@example.com,NEW,2024-05-14T17:00,PROD-536:2
user252@example.com,NEW,2024-01-04T15:00,PROD-601:1|PROD-702:2|PROD-567:1
user180@example.com,CANCELLED,2024-02-20T12:00,PROD-402:2
user146@example.com,NEW,2024-11-11T18:00,PROD-585:3|PROD-937:1|PROD-948:1|PROD-151:1
user52@example.com,CANCELLED,2023-04-06T10:00,PROD-593:1
user413@example.com,PAID,2023-06-11T17:00,PROD-862:1|PROD-397:3|PROD-349:1|PROD-339:1
user93@example.com,PAID,2023-05-12T14:00,PROD-953:1|PROD-51:3|PROD-223:3|PROD-808:1
user350@example.com,NEW,2024-04-16T16:00,PROD-559:1|PROD-701:3|PROD-902:1
user67@example.com,PAID,2024-03-31T21:00,PROD-343:1|PROD-912:1
user89@example.com,PAID,2023-09-08T13:00,PROD-910:2|PROD-440:3|PROD-3:1|PROD-730:3
user259@example.com,CANCELLED,2024-11-22T13:00,PROD-102:1|PROD-57:3
user142@example.com,CANCELLED,2024-06-06T21:00,PROD-202:2
user132@example.com,PAID,2024-07-24T18:00,PROD-628:2|PROD-950:1|PROD-799:1
user493@example.com,PAID,2024-11-28T11:00,PROD-727:2
user20@example.com,PAID,2023-08-17T20:00,PROD-360:2|PROD-853:3|PROD-937:2
user436@example.com,PAID,2024-05-05T12:00,PROD-52:2
user436@example.com,CANCELLED,2023-09-10T21:00,PROD-229:1|PROD-510:3|PROD-837:3|PROD-419:2
user173@example.com,PAID,2024-02-10T11:00,PROD-894:2
user495@example.com,PAID,2024-05-21T12:00,PROD-101:2|PROD-858:2|PROD-371:3
user109@example.com,NEW,2023-01-30T15:00,PROD-761:1|PROD-103:1
user461@example.com,NEW,2024-04-01T13:00,PROD-33:3|PROD-973:2|PROD-830:2|PROD-611:2
user137@example.com,CANCELLED,2023-07-27T18:00,PROD-292:1|PROD-395:1
user281@example.com,NEW,2024-11-13T19:00,PROD-540:2|PROD-669:3|PROD-954:1
user124@example.com,PAID,2024-01-02T16:00,PROD-111:2
user251@example.com,PAID,2023-07-15T21:00,PROD-918:2|PROD-403:1|PROD-685:3
user261@example.com,PAID,2023-01-05T14:00,PROD-911:1|PROD-441:1
user442@example.com,PAID,2023-07-23T10:00,PROD-45:2|PROD-240:2|PROD-240:1|PROD-391:2
user123@example.com,PAID,2023-01-06T14:00,PROD-749:1|PROD-65:3|PROD-459:3
user335@example.com,PAID,2024-05-06T18:00,PROD-214:3|PROD-64:2|PROD-163:1|PROD-532:1
user115@example.com,PAID,2023-11-05T18:00,PROD-279:2|PROD-891:1|PROD-993:2|PROD-207:1
user93@example.com,PAID,2023-10-17T13:00,PROD-1000:3
user244@example.com,PAID,2024-10-21T15:00,PROD-796:2|PROD-163:1
user362@example.com,NEW,2024-01-10T13:00,PROD-305:3
user464@example.com,PAID,2024-11-10T13:00,PROD-196:3|PROD-901:1|PROD-981:1|PROD-271:1
user145@example.com,PAID,2024-02-19T19:00,PROD-767:3
user233@example.com,PAID,2023-01-11T13:00,PROD-875:2|PROD-110:1
user418@example.com,PAID,2023-06-28T13:00,PROD-489:1|PROD-853:3|PROD-914:1|PROD-516:3
user96@example.com,PAID,2023-07-16T15:00,PROD-508:2|PROD-609:2|PROD-268:1|PROD-417:1
user116@example.com,PAID,2024-02-13T12:00,PROD-194:3
user474@example.com,PAID,2023-06-29T10:00,PROD-880:3|PROD-604:1
user301@example.com,PAID,2024-01-21T14:00,PROD-650:1|PROD-531:1
user400@example.com,PAID,2024-01-21T13:00,PROD-22:1|PROD-237:2
user436@example.com,NEW,2024-05-20T19:00,PROD-749:3|PROD-679:3
user2@example.com,PAID,2024-10-15T13:00,PROD-431:3|PROD-136:1
user411@example.com,PAID,2024-01-04T14:00,PROD-547:1|PROD-587:2|PROD-324:2|PROD-132:2
user46@example.com,PAID,2023-03-27T18:00,PROD-798:2|PROD-95:3
user316@example.com,NEW,2024-04-17T16:00,PROD-464:3|PROD-216:2|PROD-365:1|PROD-920:3
user395@example.com,NEW,2023-01-01T13:00,PROD-91:3
user152@example.com,NEW,2024-03-28T11:00,PROD-403:2|PROD-128:3
user423@example.com,CANCELLED,2023-03-27T16:00,PROD-313:1|PROD-508:3
user131@example.com,PAID,2023-04-07T16:00,PROD-472:3|PROD-198:2|PROD-11:1
user148@example.com,NEW,2023-03-06T11:00,PROD-994:3|PROD-994:3|PROD-598:1|PROD-302:1
user268@example.com,PAID,2023-01-18T11:00,PROD-307:2
user159@example.com,PAID,2023-06-29T13:00,PROD-95:2|PROD-38:3|PROD-444:1
user207@example.com,PAID,2024-06-11T14:00,PROD-600:3
user410@example.com,PAID,2024-05-12T16:00,PROD-365:3|PROD-770:3
user235@example.com,PAID,2023-11-25T10:00,PROD-275:3|PROD-331:1
user445@example.com,PAID,2024-11-28T14:00,PROD-428:2|PROD-277:3
user7@example.com,PAID,2024-12-03T18:00,PROD-807:1
user116@example.com,PAID,2023-12-31T15:00,PROD-788:2|PROD-5:3
user290@example.com,PAID,2024-03-28T11:00,PROD-430:2
user16@example.com,CANCELLED,2024-10-13T17:00,PROD-161:2|PROD-692:2|PROD-924:1|PROD-738:1
user257@example.com,PAID,2024-02-16T21:00,PROD-513:2
user309@example.com,PAID,2023-04-22T14:00,PROD-303:3|PROD-741:2
user492@example.com,PAID,2024-12-08T18:00,PROD-948:3|PROD-906:3
user168@example.com,PAID,2023-10-17T11:00,PROD-408:1|PROD-317:2
user420@example.com,NEW,2024-09-12T11:00,PROD-404:3
user260@example.com,PAID,2023-05-05T12:00,PROD-553:1|PROD-422:1|PROD-850:2|PROD-415:1
user126@example.com,CANCELLED,2024-03-10T15:00,PROD-807:3|PROD-953:1|PROD-868:1
user148@example.com,PAID,2024-04-06T19:00,PROD-723:1|PROD-716:1
user28@example.com,PAID,2024-06-02T21:00,PROD-995:3
user318@example.com,CANCELLED,2024-10-29T20:00,PROD-409:2
user265@example.com,NEW,2023-08-18T12:00,PROD-852:2
user106@example.com,PAID,2024-12-08T14:00,PROD-407:2|PROD-251:2|PROD-810:1|PROD-235:1
user431@example.com,CANCELLED,2024-01-19T12:00,PROD-554:3|PROD-70:2
user442@example.com,PAID,2024-03-20T19:00,PROD-456:1|PROD-181:2|PROD-365:3
user444@example.com,NEW,2023-11-15T12:00,PROD-690:1
user254@example.com,PAID,2023-12-03T21:00,PROD-806:3|PROD-580:2|PROD-461:3
user284@example.com,NEW,2024-01-08T11:00,PROD-153:2|PROD-340:1|PROD-598:2|PROD-455:2
user405@example.com,PAID,2023-03-09T19:00,PROD-345:2|PROD-360:3
user343@example.com,PAID,2023-05-31T12:00,PROD-153:2|PROD-764:3|PROD-856:3|PROD-351:3
user467@example.com,NEW,2023-02-26T12:00,PROD-408:1|PROD-131:1
user259@example.com,PAID,2024-07-09T21:00,PROD-830:3|PROD-649:1
user315@example.com,CANCELLED,2024-10-10T14:00,PROD-874:3|PROD-128:1|PROD-666:1
user34@example.com,PAID,2023-05-03T19:00,PROD-866:2|PROD-284:3|PROD-448:3|PROD-261:2
user124@example.com,PAID,2023-08-13T10:00,PROD-708:1|PROD-660:3|PROD-48:2|PROD-901:2
user15@example.com,PAID,2023-05-18T19:00,PROD-388:1|PROD-94:1
user127@example.com,PAID,2024-04-26T17:00,PROD-713:2
user255@example.com,PAID,2023-09-07T17:00,PROD-76:1|PROD-180:2|PROD-992:1|PROD-513:3
user350@example.com,CANCELLED,2023-06-04T21:00,PROD-494:3
user387@example.com,PAID,2024-10-09T17:00,PROD-886:3|PROD-107:1|PROD-494:2|PROD-477:1
user200@example.com,PAID,2024-02-23T13:00,PROD-365:2|PROD-298:1
user348@example.com,PAID,2024-05-01T20:00,PROD-37:3|PROD-162:3
user224@example.com,PAID,2024-11-08T14:00,PROD-425:3|PROD-848:3|PROD-254:2|PROD-443:1
user401@example.com,PAID,2023-07-23T11:00,PROD-114:1|PROD-681:2|PROD-63:3|PROD-863:1
user166@example.com,PAID,2023-07-22T10:00,PROD-201:1|PROD-772:1|PROD-479:3|PROD-160:1
user325@example.com,CANCELLED,2024-02-24T10:00,PROD-141:3|PROD-381:2|PROD-673:2
user32@example.com,CANCELLED,2024-09-26T12:00,PROD-930:3|PROD-702:2|PROD-972:1|PROD-293:2
user460@example.com,PAID,2024-11-10T10:00,PROD-809:3|PROD-758:2|PROD-721:2
user371@example.com,PAID,2023-11-28T10:00,PROD-736:2
user84@example.com,PAID,2024-07-04T17:00,PROD-949:2|PROD-302:3|PROD-652:2|PROD-687:3
user426@example.com,PAID,2024-06-18T10:00,PROD-661:1|PROD-385:1
user305@example.com,CANCELLED,2024-01-08T15:00,PROD-143:3|PROD-95:3|PROD-639:1|PROD-882:3
user207@example.com,PAID,2023-08-14T13:00,PROD-148:1
user401@example.com,CANCELLED,2024-03-05T18:00,PROD-167:3
user294@example.com,PAID,2023-03-11T19:00,PROD-306:3|PROD-508:1|PROD-283:2
user159@example.com,CANCELLED,2024-02-24T19:00,PROD-359:2|PROD-22:1|PROD-507:1|PROD-446:1
user279@example.com,PAID,2024-08-28T10:00,PROD-342:3|PROD-398:1|PROD-72:2|PROD-636:3
user317@example.com,NEW,2023-05-13T14:00,PROD-212:3
user116@example.com,NEW,2023-03-24T12:00,PROD-388:3
user21@example.com,PAID,2024-09-02T16:00,PROD-190:2|PROD-867:1|PROD-930:2|PROD-883:2
user181@example.com,PAID,2023-09-15T11:00,PROD-501:1
user122@example.com,PAID,2023-05-02T11:00,PROD-413:3|PROD-262:2|PROD-54:3
user271@example.com,NEW,2023-12-05T21:00,PROD-247:1|PROD-544:1|PROD-43:3|PROD-153:3
user91@example.com,PAID,2023-04-10T11:00,PROD-355:3|PROD-917:3|PROD-261:3
user63@example.com,CANCELLED,2024-10-16T15:00,PROD-973:1|PROD-272:1|PROD-1000:1|PROD-316:3
user191@example.com,PAID,2023-02-26T15:00,PROD-974:1
user324@example.com,PAID,2023-07-02T10:00,PROD-884:2|PROD-728:1|PROD-556:3|PROD-607:1
user406@example.com,PAID,2024-12-23T16:00,PROD-491:2|PROD-390:2|PROD-438:2|PROD-191:2
user46@example.com,CANCELLED,2023-12-20T18:00,PROD-344:3|PROD-873:3|PROD-749:2|PROD-88:3
user195@example.com,PAID,2023-07-07T16:00,PROD-205:2|PROD-545:2|PROD-355:3
user459@example.com,PAID,2024-10-06T13:00,PROD-635:2|PROD-781:2
user203@example.com,PAID,2024-06-27T20:00,PROD-626:1
user419@example.com,PAID,2023-07-23T21:00,PROD-49:1|PROD-250:2|PROD-575:2
user395@example.com,CANCELLED,2023-02-19T14:00,PROD-637:3|PROD-284:1|PROD-483:1
user309@example.com,PAID,2024-07-15T10:00,PROD-4:2|PROD-802:2|PROD-607:3|PROD-992:1
user397@example.com,PAID,2023-10-21T14:00,PROD-115:3|PROD-577:2|PROD-241:2
user287@example.com,CANCELLED,2024-08-10T10:00,PROD-963:1|PROD-9:2|PROD-811:1
user385@example.com,NEW,2023-02-16T16:00,PROD-484:2|PROD-262:2|PROD-708:3|PROD-82:1
user160@example.com,CANCELLED,2024-10-24T12:00,PROD-734:1|PROD-779:3|PROD-137:3|PROD-768:1
user320@example.com,PAID,2023-09-20T12:00,PROD-388:1|PROD-933:3|PROD-938:1|PROD-744:2
user403@example.com,PAID,2024-10-30T18:00,PROD-852:3|PROD-220:2|PROD-484:1
user297@example.com,PAID,2023-09-11T21:00,PROD-147:1|PROD-400:3|PROD-430:2|PROD-157:2
user443@example.com,PAID,2024-06-25T12:00,PROD-827:2|PROD-811:2|PROD-256:2
user243@example.com,NEW,2024-11-28T15:00,PROD-763:3|PROD-604:1|PROD-493:3|PROD-166:1
user18@example.com,PAID,2024-07-28T19:00,PROD-456:3
user487@example.com,CANCELLED,2024-07-31T14:00,PROD-583:2|PROD-745:3
user383@example.com,CANCELLED,2023-02-06T15:00,PROD-56:2|PROD-824:3|PROD-195:3
user125@example.com,PAID,2023-09-29T14:00,PROD-471:1|PROD-846:1
user282@example.com,PAID,2023-07-26T20:00,PROD-23:3|PROD-770:1
user369@example.com,PAID,2023-01-23T11:00,PROD-27:3|PROD-132:1
user48@example.com,CANCELLED,2023-04-23T10:00,PROD-878:2
user219@example.com,PAID,2023-06-14T11:00,PROD-693:1
user3@example.com,PAID,2024-04-05T16:00,PROD-699:2|PROD-582:2
user465@example.com,PAID,2023-11-30T17:00,PROD-75:3|PROD-306:1|PROD-359:1
user427@example.com,PAID,2024-10-16T13:00,PROD-657:3|PROD-631:2|PROD-3:2|PROD-464:2
user410@example.com,CANCELLED,2024-12-20T14:00,PROD-420:3
user412@example.com,PAID,2024-01-09T16:00,PROD-484:3|PROD-982:1
user396@example.com,PAID,2024-02-04T17:00,PROD-301:3|PROD-419:1|PROD-690:2
user166@example.com,PAID,2023-05-27T18:00,PROD-31:2|PROD-171:3|PROD-96:3
user354@example.com,PAID,2024-09-11T18:00,PROD-40:1
user100@example.com,PAID,2024-09-21T18:00,PROD-461:1|PROD-115:3|PROD-896:3|PROD-351:2
user190@example.com,PAID,2024-04-05T16:00,PROD-580:3|PROD-57:1
user492@example.com,NEW,2023-05-19T10:00,PROD-9:2
user190@example.com,PAID,2023-12-17T18:00,PROD-541:2|PROD-338:3|PROD-851:2|PROD-973:2
user199@example.com,NEW,2023-09-20T10:00,PROD-992:1
user277@example.com,CANCELLED,2023-09-20T19:00,PROD-284:2|PROD-93:1|PROD-669:1
user188@example.com,NEW,2024-11-10T14:00,PROD-135:2|PROD-517:1
user362@example.com,PAID,2023-02-18T17:00,PROD-39:3|PROD-801:1|PROD-406:3|PROD-809:2
user403@example.com,PAID,2023-09-13T20:00,PROD-34:2
user330@example.com,PAID,2023-09-11T21:00,PROD-428:3|PROD-668:3|PROD-844:3|PROD-983:1
user455@example.com,PAID,2023-06-11T17:00,PROD-997:2|PROD-940:2
user171@example.com,PAID,2023-07-16T17:00,PROD-159:3
user221@example.com,PAID,2024-07-31T17:00,PROD-717:3|PROD-987:3
user494@example.com,PAID,2024-09-10T10:00,PROD-711:2|PROD-346:2
user412@example.com,PAID,2024-01-06T13:00,PROD-93:3
user317@example.com,CANCELLED,2024-08-10T19:00,PROD-571:1
user180@example.com,CANCELLED,2024-01-13T14:00,PROD-818:2
user363@example.com,PAID,2024-06-24T15:00,PROD-812:2|PROD-283:1|PROD-421:3|PROD-886:2
user82@example.com,PAID,2024-04-04T13:00,PROD-699:1|PROD-156:2|PROD-795:1
user301@example.com,PAID,2024-08-10T10:00,PROD-408:2|PROD-644:3|PROD-631:1
user399@example.com,NEW,2024-12-06T14:00,PROD-115:2|PROD-797:3
user417@example.com,CANCELLED,2023-11-09T10:00,PROD-73:3
user138@example.com,PAID,2024-07-01T17:00,PROD-16:3
user28@example.com,CANCELLED,2023-11-24T12:00,PROD-165:3|PROD-636:1|PROD-6:2
user267@example.com,PAID,2023-06-12T18:00,PROD-293:2|PROD-953:2
user484@example.com,NEW,2024-08-28T18:00,PROD-129:2|PROD-796:1|PROD-596:1
user306@example.com,CANCELLED,2023-10-30T11:00,PROD-528:1|PROD-913:2
user284@example.com,PAID,2024-01-07T16:00,PROD-298:1|PROD-426:3|PROD-452:1|PROD-515:1
user470@example.com,PAID,2023-05-21T12:00,PROD-966:3|PROD-507:3|PROD-903:2|PROD-358:1
user130@example.com,CANCELLED,2024-12-17T17:00,PROD-308:1|PROD-905:1
user441@example.com,PAID,2024-01-02T21:00,PROD-79:3|PROD-825:3|PROD-108:3|PROD-931:2
user443@example.com,PAID,2024-11-10T19:00,PROD-27:3
user373@example.com,PAID,2024-05-03T21:00,PROD-357:1|PROD-327:1|PROD-628:1
user88@example.com,CANCELLED,2023-04-15T17:00,PROD-348:2|PROD-41:3
user200@example.com,PAID,2023-06-17T13:00,PROD-220:1
user300@example.com,PAID,2024-03-06T17:00,PROD-686:1|PROD-964:3|PROD-89:2|PROD-560:1
user86@example.com,NEW,2024-06-29T16:00,PROD-795:1|PROD-695:2|PROD-682:2
user495@example.com,PAID,2024-09-24T14:00,PROD-249:3|PROD-811:2|PROD-207:1
user199@example.com,CANCELLED,2024-01-20T10:00,PROD-829:1
user422@example.com,PAID,2024-10-07T17:00,PROD-925:1|PROD-908:2|PROD-687:3
user44@example.com,CANCELLED,2023-11-11T15:00,PROD-4:2|PROD-364:2|PROD-870:1|PROD-604:2
user270@example.com,PAID,2023-12-14T16:00,PROD-338:1|PROD-809:2|PROD-760:2|PROD-686:2
user82@example.com,NEW,2024-07-02T16:00,PROD-418:1|PROD-6:3
user51@example.com,PAID,2023-02-21T18:00,PROD-449:2|PROD-385:2|PROD-368:1|PROD-67:3
user359@example.com,PAID,2023-11-08T17:00,PROD-674:2|PROD-861:2|PROD-181:3
user339@example.com,NEW,2024-09-22T20:00,PROD-189:3|PROD-809:3
user212@example.com,CANCELLED,2023-09-10T21:00,PROD-45:3
user30@example.com,PAID,2024-11-01T10:00,PROD-314:2|PROD-579:2|PROD-885:3|PROD-357:1
user431@example.com,PAID,2024-02-27T13:00,PROD-170:3
user210@example.com,NEW,2023-06-12T15:00,PROD-906:2|PROD-234:2|PROD-430:1
user495@example.com,NEW,2023-09-23T17:00,PROD-107:3|PROD-253:1
user472@example.com,PAID,2024-12-06T16:00,PROD-923:2|PROD-274:1
user194@example.com,PAID,2024-03-30T10:00,PROD-715:1|PROD-230:1|PROD-575:1|PROD-885:3
user1@example.com,PAID,2024-10-15T21:00,PROD-562:2
user355@example.com,PAID,2024-01-04T21:00,PROD-895:1|PROD-592:2
user382@example.com,PAID,2023-03-25T21:00,PROD-237:1|PROD-548:1
user415@example.com,NEW,2023-07-11T17:00,PROD-476:1|PROD-639:1|PROD-404:2|PROD-243:2
user173@example.com,CANCELLED,2024-07-12T21:00,PROD-945:1|PROD-631:1|PROD-917:2|PROD-439:3
user155@example.com,CANCELLED,2024-09-23T16:00,PROD-870:1
user234@example.com,NEW,2024-01-10T18:00,PROD-41:2
user18@example.com,PAID,2023-06-15T18:00,PROD-840:2|PROD-708:1|PROD-654:2|PROD-891:1
user139@example.com,PAID,2023-02-22T19:00,PROD-709:2
user494@example.com,NEW,2024-09-01T14:00,PROD-700:3
user463@example.com,NEW,2024-01-23T20:00,PROD-917:1|PROD-16:2|PROD-808:2
user51@example.com,CANCELLED,2023-12-27T21:00,PROD-225:1|PROD-403:1|PROD-940:3|PROD-882:3
user107@example.com,PAID,2024-01-19T12:00,PROD-373:2|PROD-477:1|PROD-666:2|PROD-633:3
user88@example.com,NEW,2024-09-10T16:00,PROD-104:3|PROD-550:3
user150@example.com,CANCELLED,2024-05-18T17:00,PROD-45:2|PROD-980:3
user185@example.com,PAID,2024-07-03T18:00,PROD-810:2|PROD-616:1
user166@example.com,PAID,2024-06-12T18:00,PROD-718:1|PROD-215:1|PROD-651:2|PROD-848:1
user190@example.com,NEW,2024-04-18T19:00,PROD-163:3|PROD-667:3|PROD-91:2|PROD-183:3
user38@example.com,PAID,2024-02-11T10:00,PROD-516:3|PROD-799:3
user47@example.com,PAID,2023-01-06T21:00,PROD-316:2|PROD-219:3|PROD-872:3
user272@example.com,PAID,2023-10-07T17:00,PROD-573:1|PROD-582:2|PROD-381:2
user399@example.com,PAID,2024-05-20T21:00,PROD-859:1|PROD-260:2|PROD-621:3
user50@example.com,PAID,2023-03-16T15:00,PROD-959:1|PROD-834:1
user419@example.com,PAID,2023-07-29T15:00,PROD-818:1
user172@example.com,PAID,2023-02-27T21:00,PROD-310:3|PROD-689:1
user219@example.com,PAID,2023-03-07T19:00,PROD-687:1|PROD-925:1
user489@example.com,NEW,2023-10-13T19:00,PROD-433:3
user240@example.com,CANCELLED,2024-06-01T19:00,PROD-942:3|PROD-935:3
user193@example.com,PAID,2023-09-04T15:00,PROD-668:1
user263@example.com,CANCELLED,2024-11-25T10:00,PROD-302:2|PROD-445:1
user423@example.com,PAID,2024-01-08T16:00,PROD-134:2|PROD-434:1|PROD-130:3
user77@example.com,PAID,2023-07-01T10:00,PROD-363:2|PROD-493:1
user322@example.com,CANCELLED,2023-03-08T10:00,PROD-891:3|PROD-136:1|PROD-66:2
user81@example.com,PAID,2023-05-10T20:00,PROD-320:2|PROD-104:3
user487@example.com,PAID,2023-08-22T18:00,PROD-829:2|PROD-644:1|PROD-668:2|PROD-337:3
user108@example.com,PAID,2023-09-28T16:00,PROD-529:3|PROD-343:1|PROD-74:1|PROD-519:2
user494@example.com,CANCELLED,2024-10-03T20:00,PROD-984:1
user89@example.com,PAID,2023-01-28T19:00,PROD-584:1|PROD-659:2|PROD-730:2|PROD-844:3
user165@example.com,PAID,2023-05-05T10:00,PROD-843:2|PROD-809:1|PROD-546:2
user365@example.com,CANCELLED,2024-07-09T17:00,PROD-214:3|PROD-339:2|PROD-85:3
user210@example.com,PAID,2023-09-11T18:00,PROD-959:3
user261@example.com,PAID,2023-10-19T17:00,PROD-672:1|PROD-232:2|PROD-8:1
user135@example.com,PAID,2023-07-20T17:00,PROD-781:3|PROD-890:3|PROD-201:2|PROD-372:1
user204@example.com,PAID,2023-10-30T17:00,PROD-613:1|PROD-223:1|PROD-399:1
user215@example.com,PAID,2024-02-09T10:00,PROD-635:2|PROD-324:2
user489@example.com,CANCELLED,2023-09-20T12:00,PROD-916:1|PROD-773:2|PROD-226:2
user276@example.com,PAID,2024-09-27T13:00,PROD-637:2|PROD-769:2
user26@example.com,PAID,2024-09-04T15:00,PROD-963:2
user243@example.com,PAID,2024-06-06T20:00,PROD-392:1
user170@example.com,PAID,2024-12-13T20:00,PROD-490:3
user231@example.com,NEW,2023-05-12T21:00,PROD-622:2|PROD-641:3|PROD-571:2
user127@example.com,PAID,2023-07-02T19:00,PROD-117:3|PROD-911:2|PROD-947:3|PROD-755:1
user97@example.com,PAID,2023-09-01T21:00,PROD-797:3|PROD-819:2|PROD-754:1
user99@example.com,PAID,2023-10-01T15:00,PROD-259:2|PROD-36:1|PROD-78:3|PROD-846:2
user372@example.com,CANCELLED,2023-05-10T15:00,PROD-839:2|PROD-489:3|PROD-315:1|PROD-850:1
user101@example.com,PAID,2023-10-30T19:00,PROD-311:3|PROD-115:2|PROD-131:3
user434@example.com,PAID,2024-06-27T10:00,PROD-949:1
user204@example.com,PAID,2023-01-30T15:00,PROD-172:3|PROD-278:2|PROD-152:3
user475@example.com,NEW,2024-05-23T13:00,PROD-599:3
user274@example.com,PAID,2024-10-14T20:00,PROD-79:3
user106@example.com,PAID,2023-06-10T11:00,PROD-800:2|PROD-94:3|PROD-682:3|PROD-701:3
user309@example.com,NEW,2023-08-18T17:00,PROD-352:1
user448@example.com,NEW,2023-05-05T16:00,PROD-131:3|PROD-347:2|PROD-313:3|PROD-355:3
user255@example.com,PAID,2024-11-17T15:00,PROD-171:2
user52@example.com,CANCELLED,2024-11-16T20:00,PROD-274:2|PROD-934:2|PROD-709:3
user298@example.com,PAID,2023-10-16T14:00,PROD-115:3|PROD-587:3|PROD-743:2|PROD-948:2
user307@example.com,PAID,2024-04-10T14:00,PROD-821:2|PROD-477:1|PROD-228:1|PROD-385:2
user420@example.com,PAID,2024-05-13T11:00,PROD-738:2
user343@example.com,NEW,2024-03-31T11:00,PROD-284:2|PROD-469:1|PROD-235:2|PROD-250:3
user328@example.com,NEW,2023-03-19T18:00,PROD-769:3|PROD-208:3|PROD-130:3|PROD-991:1
user462@example.com,PAID,2023-01-05T11:00,PROD-403:2|PROD-731:2|PROD-653:2
user156@example.com,PAID,2023-01-03T13:00,PROD-471:1|PROD-818:3|PROD-925:1
user316@example.com,PAID,2023-10-31T12:00,PROD-985:1
user262@example.com,PAID,2023-06-13T13:00,PROD-243:1|PROD-684:2|PROD-958:1
user244@example.com,PAID,2024-12-29T18:00,PROD-604:1|PROD-715:2|PROD-823:2
user389@example.com,PAID,2023-03-29T17:00,PROD-616:1|PROD-91:1
user490@example.com,PAID,2023-08-21T13:00,PROD-399:3|PROD-613:1
user39@example.com,PAID,2023-02-20T10:00,PROD-935:1|PROD-636:2|PROD-833:2|PROD-79:1
user379@example.com,PAID,2024-11-27T17:00,PROD-810:3|PROD-956:1|PROD-786:1|PROD-527:2
user476@example.com,CANCELLED,2024-11-13T19:00,PROD-765:2
user21@example.com,PAID,2024-04-07T10:00,PROD-682:1|PROD-992:1|PROD-888:2|PROD-387:1
user193@example.com,PAID,2024-04-15T16:00,PROD-137:3|PROD-484:3|PROD-630:1
user38@example.com,PAID,2023-03-25T15:00,PROD-188:2|PROD-493:2|PROD-637:3
user306@example.com,CANCELLED,2023-06-03T14:00,PROD-549:2|PROD-524:2|PROD-927:1
user300@example.com,PAID,2023-12-02T20:00,PROD-892:3|PROD-838:2
user133@example.com,PAID,2023-05-09T11:00,PROD-987:3|PROD-260:1|PROD-968:2|PROD-351:1
user17@example.com,CANCELLED,2023-11-10T17:00,PROD-155:1|PROD-14:3|PROD-305:1|PROD-435:1
user290@example.com,PAID,2024-01-15T12:00,PROD-16:3
user8@example.com,NEW,2024-06-27T16:00,PROD-11:1|PROD-239:2
user308@example.com,PAID,2023-05-11T21:00,PROD-226:2
user102@example.com,PAID,2023-09-30T13:00,PROD-320:2|PROD-318:1|PROD-461:1|PROD-934:3
user174@example.com,PAID,2023-08-04T17:00,PROD-752:3|PROD-566:3
user423@example.com,PAID,2024-10-30T18:00,PROD-974:1
user310@example.com,PAID,2023-07-22T20:00,PROD-291:2
user350@example.com,NEW,2024-12-29T14:00,PROD-569:1|PROD-189:3|PROD-91:1|PROD-833:2
user158@example.com,PAID,2024-12-17T14:00,PROD-139:3
user139@example.com,PAID,2023-07-31T11:00,PROD-774:3|PROD-724:1|PROD-841:3|PROD-649:1
user91@example.com,PAID,2024-03-07T18:00,PROD-409:1|PROD-33:3|PROD-126:3
user483@example.com,NEW,2024-02-16T14:00,PROD-603:1
user350@example.com,NEW,2024-09-26T16:00,PROD-637:2|PROD-877:1|PROD-272:1|PROD-173:2
user31@example.com,PAID,2024-01-31T12:00,PROD-34:3|PROD-355:3|PROD-960:3
user486@example.com,PAID,2024-06-22T18:00,PROD-832:2|PROD-305:2|PROD-557:2
user23@example.com,PAID,2023-01-23T16:00,PROD-151:2|PROD-698:2|PROD-632:3
user86@example.com,CANCELLED,2023-07-28T15:00,PROD-545:3|PROD-91:2
user77@example.com,PAID,2024-06-10T13:00,PROD-695:2|PROD-925:3
user218@example.com,PAID,2023-09-23T18:00,PROD-630:3|PROD-162:3
user177@example.com,PAID,2023-11-14T11:00,PROD-247:3|PROD-366:2|PROD-765:1
user432@example.com,PAID,2023-01-17T16:00,PROD-691:2|PROD-937:3|PROD-856:1|PROD-670:2
user406@example.com,PAID,2023-10-04T21:00,PROD-980:2|PROD-896:3|PROD-848:3
user262@example.com,CANCELLED,2024-01-22T20:00,PROD-1000:2|PROD-443:3|PROD-644:1
user123@example.com,NEW,2023-11-09T16:00,PROD-644:1|PROD-911:2|PROD-674:2
user167@example.com,NEW,2023-10-10T14:00,PROD-153:1|PROD-635:3|PROD-784:3|PROD-675:2
user305@example.com,PAID,2024-09-07T14:00,PROD-199:1
user390@example.com,PAID,2024-09-10T14:00,PROD-273:1|PROD-714:2|PROD-138:3|PROD-636:3
user20@example.com,PAID,2023-09-28T18:00,PROD-445:2|PROD-309:3|PROD-850:3
user343@example.com,PAID,2024-04-04T19:00,PROD-469:2
user174@example.com,PAID,2023-11-13T18:00,PROD-744:1|PROD-999:3
user260@example.com,PAID,2023-04-17T10:00,PROD-327:3|PROD-634:2|PROD-76:1|PROD-100:3
user305@example.com,NEW,2023-05-02T12:00,PROD-366:3|PROD-175:3
user257@example.com,PAID,2023-11-12T10:00,PROD-920:2|PROD-231:3|PROD-959:3|PROD-21:3
user426@example.com,PAID,2023-12-21T13:00,PROD-281:2
user278@example.com,NEW,2024-07-25T16:00,PROD-584:3|PROD-812:1
user252@example.com,PAID,2024-12-23T17:00,PROD-605:1
user214@example.com,CANCELLED,2024-03-19T11:00,PROD-421:1|PROD-473:1|PROD-993:1
user188@example.com,PAID,2023-03-10T18:00,PROD-114:3|PROD-602:2
user6@example.com,PAID,2024-01-02T17:00,PROD-548:2|PROD-771:3
user370@example.com,PAID,2024-09-01T20:00,PROD-679:3|PROD-423:2|PROD-333:3|PROD-105:1
user101@example.com,PAID,2024-04-17T15:00,PROD-54:3|PROD-779:2
user232@example.com,PAID,2024-12-16T16:00,PROD-283:3|PROD-879:1|PROD-850:2|PROD-163:1
user373@example.com,PAID,2024-01-11T12:00,PROD-949:2|PROD-466:3|PROD-869:3
user139@example.com,CANCELLED,2023-06-13T19:00,PROD-874:1|PROD-797:2
user19@example.com,CANCELLED,2023-11-29T10:00,PROD-456:2|PROD-309:3|PROD-768:3|PROD-555:1
user178@example.com,PAID,2023-07-24T12:00,PROD-81:2|PROD-215:3
user288@example.com,NEW,2023-03-10T15:00,PROD-41:2
user449@example.com,PAID,2024-07-15T13:00,PROD-116:3|PROD-9:2|PROD-685:2|PROD-902:3
user68@example.com,CANCELLED,2023-11-26T15:00,PROD-385:3|PROD-503:1
user67@example.com,PAID,2023-11-06T12:00,PROD-160:1|PROD-12:2|PROD-375:2
user33@example.com,PAID,2023-04-02T21:00,PROD-964:1|PROD-192:2
user155@example.com,NEW,2024-09-17T14:00,PROD-613:3
user350@example.com,PAID,2023-01-01T11:00,PROD-552:3
user288@example.com,CANCELLED,2023-05-15T18:00,PROD-748:1|PROD-663:2|PROD-694:1
user19@example.com,PAID,2024-11-05T17:00,PROD-334:1|PROD-91:3|PROD-722:1|PROD-246:1
user217@example.com,PAID,2024-04-15T19:00,PROD-561:3|PROD-913:2|PROD-248:3
user323@example.com,PAID,2023-12-08T18:00,PROD-164:1
user378@example.com,PAID,2024-01-06T17:00,PROD-380:2|PROD-615:3|PROD-351:3|PROD-340:1
user315@example.com,PAID,2024-09-03T17:00,PROD-599:2|PROD-152:1|PROD-555:2
user354@example.com,PAID,2023-12-25T11:00,PROD-387:2|PROD-710:3
user84@example.com,CANCELLED,2023-04-06T11:00,PROD-288:2|PROD-587:1|PROD-359:1|PROD-842:2
user256@example.com,PAID,2024-11-19T15:00,PROD-737:1|PROD-761:1
user326@example.com,CANCELLED,2023-01-20T16:00,PROD-759:2|PROD-230:1|PROD-549:3|PROD-101:1
user377@example.com,PAID,2024-10-30T14:00,PROD-162:1|PROD-599:2|PROD-365:2|PROD-611:2
user282@example.com,CANCELLED,2023-07-15T15:00,PROD-973:2|PROD-824:1
user252@example.com,PAID,2023-02-08T16:00,PROD-772:2
user205@example.com,PAID,2023-07-19T20:00,PROD-103:3|PROD-701:3
user294@example.com,PAID,2023-09-07T21:00,PROD-713:1|PROD-589:1|PROD-248:1|PROD-138:3
user387@example.com,PAID,2024-12-14T10:00,PROD-981:2|PROD-312:3|PROD-261:3
user353@example.com,PAID,2024-11-24T16:00,PROD-293:3|PROD-408:2
user301@example.com,NEW,2024-10-01T19:00,PROD-556:3|PROD-904:3
user440@example.com,PAID,2023-02-01T11:00,PROD-385:2|PROD-535:1
user209@example.com,PAID,2023-02-28T11:00,PROD-494:3|PROD-948:3
user449@example.com,NEW,2024-06-18T20:00,PROD-254:3|PROD-362:2|PROD-9:3
user443@example.com,PAID,2024-09-01T15:00,PROD-423:3|PROD-418:2
user17@example.com,NEW,2024-03-04T15:00,PROD-12:2|PROD-908:3|PROD-372:3
user272@example.com,PAID,2023-10-15T18:00,PROD-357:3|PROD-341:3|PROD-750:3|PROD-638:3
user251@example.com,NEW,2023-01-07T10:00,PROD-61:3|PROD-953:1
user484@example.com,PAID,2024-08-15T21:00,PROD-745:2
user65@example.com,PAID,2024-05-20T15:00,PROD-748:3|PROD-500:3
user322@example.com,CANCELLED,2023-10-17T19:00,PROD-246:2
user117@example.com,PAID,2024-08-04T14:00,PROD-148:3
user68@example.com,NEW,2024-02-17T18:00,PROD-61:1|PROD-588:3|PROD-739:3
user145@example.com,PAID,2023-09-10T18:00,PROD-883:2|PROD-732:3
user461@example.com,PAID,2024-10-05T21:00,PROD-305:3
user293@example.com,PAID,2024-09-12T10:00,PROD-660:1|PROD-958:3|PROD-601:1
user31@example.com,CANCELLED,2023-09-26T11:00,PROD-370:3|PROD-787:3
user104@example.com,PAID,2023-09-20T14:00,PROD-291:2
user278@example.com,PAID,2023-10-05T16:00,PROD-750:3|PROD-285:3|PROD-885:3
user111@example.com,PAID,2023-10-22T16:00,PROD-690:2|PROD-140:3
user390@example.com,NEW,2024-01-14T21:00,PROD-855:2|PROD-904:3|PROD-543:2|PROD-405:2
user368@example.com,PAID,2023-11-05T14:00,PROD-142:2|PROD-31:2
user89@example.com,PAID,2024-12-13T18:00,PROD-461:2
user220@example.com,PAID,2023-11-21T15:00,PROD-986:3|PROD-797:3|PROD-919:1
user228@example.com,PAID,2024-12-28T15:00,PROD-838:1
user372@example.com,CANCELLED,2023-11-02T16:00,PROD-8:1|PROD-835:3|PROD-362:3
user461@example.com,NEW,2023-08-25T17:00,PROD-210:3
user325@example.com,PAID,2024-08-29T21:00,PROD-257:1|PROD-993:2|PROD-883:1|PROD-233:2
user215@example.com,PAID,2024-08-26T15:00,PROD-815:1
user479@example.com,NEW,2024-03-11T12:00,PROD-188:3|PROD-126:1|PROD-114:1
user496@example.com,NEW,2024-11-28T18:00,PROD-133:1|PROD-815:2|PROD-326:1
user494@example.com,PAID,2023-01-13T16:00,PROD-477:3|PROD-703:1
user476@example.com,NEW,2024-12-30T19:00,PROD-806:3|PROD-502:3|PROD-66:1
user404@example.com,PAID,2024-01-06T13:00,PROD-324:1|PROD-836:2
user206@example.com,NEW,2023-04-24T14:00,PROD-495:1|PROD-350:1|PROD-420:1|PROD-610:2
user180@example.com,NEW,2023-03-25T20:00,PROD-241:1|PROD-453:2
user422@example.com,CANCELLED,2023-03-09T18:00,PROD-868:2|PROD-301:2
user167@example.com,PAID,2024-02-08T16:00,PROD-277:3|PROD-226:3|PROD-258:3|PROD-739:2
user122@example.com,PAID,2024-02-23T14:00,PROD-342:2
user101@example.com,PAID,2023-07-18T11:00,PROD-240:1|PROD-416:3|PROD-885:3|PROD-9:2
user13@example.com,PAID,2023-10-26T10:00,PROD-418:3|PROD-77:2|PROD-652:3
user334@example.com,NEW,2024-03-17T13:00,PROD-191:1
user366@example.com,PAID,2023-08-05T10:00,PROD-352:2
user477@example.com,PAID,2023-03-29T20:00,PROD-52:3|PROD-10:2|PROD-564:2
user291@example.com,PAID,2024-03-02T16:00,PROD-299:3|PROD-34:3|PROD-897:2
user401@example.com,CANCELLED,2024-02-09T14:00,PROD-809:3|PROD-828:1|PROD-441:2
user72@example.com,NEW,2023-05-08T20:00,PROD-945:1|PROD-488:2|PROD-621:3
user182@example.com,PAID,2023-07-04T21:00,PROD-336:1
user360@example.com,NEW,2023-02-07T12:00,PROD-993:3|PROD-49:2
user368@example.com,PAID,2024-01-13T10:00,PROD-776:2|PROD-626:2|PROD-429:2
user107@example.com,PAID,2024-01-03T15:00,PROD-114:2|PROD-193:2|PROD-18:1
user11@example.com,PAID,2023-10-01T16:00,PROD-313:1|PROD-1:2|PROD-278:1
user173@example.com,PAID,2024-10-23T19:00,PROD-907:3|PROD-366:3|PROD-20:2
user318@example.com,PAID,2023-06-20T17:00,PROD-853:3|PROD-328:3
user26@example.com,NEW,2024-08-16T19:00,PROD-493:2|PROD-937:1|PROD-377:3
user431@example.com,PAID,2023-04-12T15:00,PROD-901:1|PROD-100:1
user417@example.com,CANCELLED,2024-08-06T19:00,PROD-498:2
user382@example.com,CANCELLED,2023-11-26T19:00,PROD-484:2|PROD-174:1
user47@example.com,PAID,2024-01-05T10:00,PROD-739:1|PROD-132:3|PROD-675:2|PROD-227:3
user104@example.com,PAID,2024-03-05T18:00,PROD-431:3|PROD-389:3
user392@example.com,PAID,2024-12-09T21:00,PROD-888:3|PROD-873:3
user175@example.com,PAID,2024-08-09T21:00,PROD-241:3
user260@example.com,PAID,2023-01-26T19:00,PROD-609:2|PROD-691:3|PROD-9:2
user156@example.com,PAID,2024-04-01T16:00,PROD-526:2|PROD-999:1
user317@example.com,PAID,2024-05-17T16:00,PROD-847:2|PROD-460:1|PROD-598:1|PROD-982:1
user191@example.com,PAID,2024-01-30T20:00,PROD-228:2|PROD-59:3
user37@example.com,NEW,2023-09-22T16:00,PROD-778:1|PROD-377:3|PROD-642:3
user329@example.com,PAID,2023-01-04T16:00,PROD-359:1|PROD-794:3|PROD-404:2|PROD-752:1
user305@example.com,PAID,2024-08-22T18:00,PROD-662:3|PROD-534:1|PROD-523:1
user491@example.com,NEW,2024-07-15T19:00,PROD-371:3|PROD-292:1
user483@example.com,PAID,2024-07-10T15:00,PROD-914:3|PROD-5:1|PROD-186:2
user264@example.com,CANCELLED,2023-05-14T12:00,PROD-215:3|PROD-437:3|PROD-900:1|PROD-863:2
user125@example.com,NEW,2024-03-07T15:00,PROD-35:3
user469@example.com,PAID,2023-09-21T11:00,PROD-681:3|PROD-764:1|PROD-5:2
user310@example.com,PAID,2023-09-12T13:00,PROD-704:1
user154@example.com,CANCELLED,2023-09-24T18:00,PROD-420:1|PROD-635:3|PROD-420:3
user61@example.com,PAID,2023-11-22T11:00,PROD-87:2|PROD-470:2|PROD-989:2
user448@example.com,PAID,2024-02-26T18:00,PROD-610:1|PROD-314:1|PROD-314:1|PROD-416:1
user437@example.com,NEW,2024-07-10T18:00,PROD-636:3|PROD-776:2|PROD-998:3|PROD-645:2
user300@example.com,CANCELLED,2024-12-12T15:00,PROD-770:1
user53@example.com,PAID,2024-09-26T18:00,PROD-423:3|PROD-414:1|PROD-195:2|PROD-941:3
user487@example.com,PAID,2024-09-19T21:00,PROD-391:1|PROD-942:1|PROD-640:3
user288@example.com,PAID,2023-06-13T21:00,PROD-870:3|PROD-678:2
user361@example.com,PAID,2024-05-16T20:00,PROD-953:1
user154@example.com,CANCELLED,2023-08-11T11:00,PROD-297:2|PROD-459:3|PROD-497:1
user347@example.com,PAID,2024-07-14T14:00,PROD-886:2|PROD-501:3
user426@example.com,PAID,2024-11-21T12:00,PROD-55:1
user226@example.com,NEW,2024-02-17T12:00,PROD-784:2|PROD-676:3|PROD-181:1
user483@example.com,NEW,2023-03-23T11:00,PROD-86:2
user321@example.com,PAID,2023-10-22T10:00,PROD-805:3
user384@example.com,CANCELLED,2023-12-07T20:00,PROD-150:3|PROD-376:1|PROD-730:2|PROD-663:3
user294@example.com,NEW,2023-10-14T20:00,PROD-375:2|PROD-739:2|PROD-555:2|PROD-332:3
user203@example.com,PAID,2024-04-13T10:00,PROD-359:2
user365@example.com,PAID,2024-05-26T14:00,PROD-536:3|PROD-452:3|PROD-114:2
user341@example.com,PAID,2023-05-13T18:00,PROD-387:3|PROD-281:3|PROD-71:2
user233@example.com,PAID,2024-06-27T12:00,PROD-999:1|PROD-34:2|PROD-332:3|PROD-799:3
user319@example.com,PAID,2023-08-10T14:00,PROD-90:3|PROD-863:1|PROD-829:2
user422@example.com,PAID,2023-02-12T16:00,PROD-579:3|PROD-561:1|PROD-13:2|PROD-652:2
user242@example.com,PAID,2024-05-20T20:00,PROD-34:2|PROD-736:1
user136@example.com,PAID,2023-03-11T16:00,PROD-184:3|PROD-259:2|PROD-308:2|PROD-903:1
user132@example.com,NEW,2024-04-03T14:00,PROD-289:2|PROD-320:3|PROD-556:1|PROD-840:2
user426@example.com,PAID,2024-12-02T14:00,PROD-600:3
user459@example.com,PAID,2024-09-03T17:00,PROD-326:2|PROD-179:1|PROD-686:2
user415@example.com,PAID,2023-10-30T21:00,PROD-396:1|PROD-485:3|PROD-57:3
user289@example.com,PAID,2024-10-12T17:00,PROD-769:3|PROD-128:3
user280@example.com,NEW,2023-07-02T13:00,PROD-350:1|PROD-845:1|PROD-922:1
user32@example.com,PAID,2023-01-16T17:00,PROD-370:1|PROD-838:1
user16@example.com,NEW,2023-05-13T18:00,PROD-928:2
user278@example.com,PAID,2024-09-26T18:00,PROD-474:2|PROD-766:3
user84@example.com,PAID,2023-06-27T21:00,PROD-448:2|PROD-442:1|PROD-559:1|PROD-498:2
user80@example.com,CANCELLED,2023-08-14T13:00,PROD-760:3|PROD-203:1
user330@example.com,CANCELLED,2024-09-17T21:00,PROD-935:3|PROD-512:3
user479@example.com,NEW,2023-05-13T16:00,PROD-525:2|PROD-774:1|PROD-141:1|PROD-615:3
user388@example.com,PAID,2023-04-04T12:00,PROD-693:2|PROD-993:3|PROD-394:2
user30@example.com,CANCELLED,2023-09-18T16:00,PROD-383:2|PROD-282:3|PROD-950:1|PROD-649:1
user249@example.com,PAID,2024-02-11T12:00,PROD-70:1
user32@example.com,PAID,2024-12-13T20:00,PROD-428:1|PROD-742:1|PROD-396:1|PROD-118:1
user121@example.com,PAID,2023-12-30T17:00,PROD-17:1|PROD-301:1|PROD-96:3
user207@example.com,PAID,2024-03-23T10:00,PROD-77:3
user474@example.com,NEW,2024-05-09T15:00,PROD-760:2|PROD-293:3
user58@example.com,NEW,2023-08-25T16:00,PROD-392:2|PROD-235:2|PROD-508:1|PROD-876:2
user310@example.com,NEW,2023-04-15T16:00,PROD-36:3|PROD-7:3
user201@example.com,PAID,2023-09-30T10:00,PROD-500:3|PROD-734:2|PROD-115:3
user129@example.com,PAID,2024-10-06T11:00,PROD-718:3
user177@example.com,PAID,2024-06-29T14:00,PROD-391:1
user123@example.com,NEW,2023-04-25T13:00,PROD-762:1|PROD-677:2|PROD-93:2|PROD-381:3
user396@example.com,PAID,2024-09-24T21:00,PROD-60:3|PROD-896:3|PROD-492:3
user235@example.com,PAID,2024-01-27T19:00,PROD-937:1|PROD-24:2|PROD-787:3
user416@example.com,NEW,2023-02-16T11:00,PROD-546:3|PROD-583:1
user399@example.com,PAID,2023-01-14T17:00,PROD-79:3|PROD-442:3
user451@example.com,PAID,2024-08-20T20:00,PROD-59:3|PROD-10:2
user435@example.com,NEW,2024-10-23T21:00,PROD-613:2|PROD-518:1|PROD-382:1|PROD-91:1
user497@example.com,PAID,2024-03-17T16:00,PROD-72:2|PROD-431:1
user427@example.com,NEW,2023-11-03T12:00,PROD-958:2|PROD-593:1
user152@example.com,PAID,2024-03-07T16:00,PROD-858:1|PROD-167:3|PROD-373:3
user197@example.com,NEW,2024-10-26T17:00,PROD-418:2|PROD-227:2|PROD-997:3|PROD-953:1
user380@example.com,NEW,2024-08-18T21:00,PROD-356:2|PROD-801:2|PROD-792:2|PROD-460:2
user97@example.com,NEW,2023-02-17T17:00,PROD-266:3
user1@example.com,PAID,2024-01-11T16:00,PROD-491:2|PROD-835:2|PROD-518:1|PROD-614:3
user211@example.com,PAID,2024-01-29T16:00,PROD-21:2|PROD-165:3|PROD-135:1
user94@example.com,PAID,2023-05-07T10:00,PROD-398:3|PROD-283:2|PROD-123:1
user100@example.com,CANCELLED,2024-11-28T19:00,PROD-180:1|PROD-682:3|PROD-327:3|PROD-184:1
user80@example.com,PAID,2023-05-29T21:00,PROD-820:1|PROD-90:1|PROD-903:1|PROD-235:3
user177@example.com,NEW,2024-02-19T14:00,PROD-919:1|PROD-14:2|PROD-705:2|PROD-142:1
user210@example.com,NEW,2023-05-17T11:00,PROD-949:1|PROD-640:1
user365@example.com,PAID,2024-01-07T16:00,PROD-736:2|PROD-998:1
user387@example.com,PAID,2024-08-12T17:00,PROD-473:1|PROD-286:2
user346@example.com,PAID,2024-02-18T12:00,PROD-124:1|PROD-417:1
user349@example.com,CANCELLED,2024-10-07T15:00,PROD-717:3|PROD-554:1|PROD-782:1|PROD-800:2
user440@example.com,CANCELLED,2024-11-26T18:00,PROD-352:3|PROD-593:2|PROD-96:1
user35@example.com,PAID,2024-04-22T10:00,PROD-992:2|PROD-747:1|PROD-398:2|PROD-173:3
user32@example.com,CANCELLED,2024-11-25T11:00,PROD-83:3|PROD-125:1|PROD-820:2
user363@example.com,CANCELLED,2024-05-06T20:00,PROD-438:3|PROD-519:1
user83@example.com,NEW,2024-03-30T17:00,PROD-885:3|PROD-862:3|PROD-908:3|PROD-620:1
user345@example.com,PAID,2024-04-08T19:00,PROD-134:1|PROD-309:3|PROD-932:2|PROD-765:1
user74@example.com,CANCELLED,2024-09-26T17:00,PROD-853:1|PROD-774:1|PROD-130:2
user82@example.com,CANCELLED,2024-08-04T10:00,PROD-578:2|PROD-40:2
user408@example.com,PAID,2023-03-20T12:00,PROD-317:3|PROD-995:3|PROD-975:2
user307@example.com,PAID,2024-08-21T15:00,PROD-173:1|PROD-743:2
user309@example.com,PAID,2023-10-01T17:00,PROD-979:1|PROD-277:2|PROD-740:2
user378@example.com,CANCELLED,2023-11-10T13:00,PROD-1000:1|PROD-4:1|PROD-551:3
user298@example.com,PAID,2023-01-10T21:00,PROD-103:1|PROD-154:1|PROD-79:1
user220@example.com,PAID,2023-06-23T20:00,PROD-120:1|PROD-72:3|PROD-5:3
user455@example.com,PAID,2023-07-28T20:00,PROD-855:3|PROD-957:1|PROD-84:1|PROD-890:3
user233@example.com,PAID,2024-08-31T15:00,PROD-30:3
user323@example.com,PAID,2023-06-11T19:00,PROD-171:1
user459@example.com,PAID,2024-06-15T10:00,PROD-608:1|PROD-918:3|PROD-197:3|PROD-164:1
user151@example.com,PAID,2024-10-15T13:00,PROD-110:2
user445@example.com,PAID,2023-05-05T17:00,PROD-224:1|PROD-464:1
user146@example.com,PAID,2023-01-07T13:00,PROD-368:1|PROD-971:1|PROD-404:1|PROD-263:3
user99@example.com,CANCELLED,2023-11-02T13:00,PROD-331:3
user387@example.com,CANCELLED,2024-07-30T19:00,PROD-333:3|PROD-847:1|PROD-542:2
user202@example.com,NEW,2023-11-23T13:00,PROD-196:2|PROD-34:1
user330@example.com,PAID,2024-05-29T15:00,PROD-997:3|PROD-816:2|PROD-726:2
user158@example.com,PAID,2024-10-29T15:00,PROD-498:2
user178@example.com,NEW,2024-11-26T11:00,PROD-683:1|PROD-371:1|PROD-413:2
user86@example.com,PAID,2023-10-15T13:00,PROD-101:3|PROD-260:1|PROD-629:2|PROD-550:2
user456@example.com,PAID,2024-08-26T21:00,PROD-605:3|PROD-381:2|PROD-273:2|PROD-609:3
user289@example.com,PAID,2023-02-02T16:00,PROD-806:1
user52@example.com,PAID,2023-05-10T18:00,PROD-680:2|PROD-991:3
user201@example.com,PAID,2024-11-27T16:00,PROD-532:3|PROD-112:3
user72@example.com,PAID,2024-07-11T15:00,PROD-918:3|PROD-815:1
user280@example.com,CANCELLED,2024-08-22T10:00,PROD-492:2
user345@example.com,PAID,2024-07-28T16:00,PROD-615:3|PROD-867:1|PROD-167:2
user424@example.com,NEW,2024-07-27T16:00,PROD-668:2|PROD-14:3|PROD-765:3
user118@example.com,PAID,2024-01-15T15:00,PROD-247:2|PROD-693:2|PROD-226:2|PROD-686:3
user258@example.com,CANCELLED,2024-07-04T19:00,PROD-422:2|PROD-864:1
user31@example.com,PAID,2023-07-15T20:00,PROD-707:3|PROD-793:1|PROD-611:3
user386@example.com,NEW,2023-11-13T18:00,PROD-343:3|PROD-750:2|PROD-693:2
user467@example.com,NEW,2023-08-28T16:00,PROD-687:2|PROD-881:3
user418@example.com,CANCELLED,2023-07-29T11:00,PROD-78:3|PROD-977:2|PROD-39:3
user27@example.com,PAID,2023-04-21T14:00,PROD-719:1|PROD-137:3|PROD-252:1|PROD-678:2
user413@example.com,CANCELLED,2023-11-28T15:00,PROD-695:1|PROD-985:2
user347@example.com,NEW,2023-01-12T16:00,PROD-30:2|PROD-317:2|PROD-761:1|PROD-647:2
user489@example.com,PAID,2023-08-12T14:00,PROD-509:3|PROD-527:1|PROD-957:2|PROD-933:3
user188@example.com,PAID,2023-04-22T21:00,PROD-657:3|PROD-966:1
user13@example.com,PAID,2023-01-18T17:00,PROD-574:3|PROD-110:2
user23@example.com,PAID,2024-12-22T21:00,PROD-979:1|PROD-308:3|PROD-102:1
user144@example.com,NEW,2024-01-06T12:00,PROD-119:3|PROD-604:2|PROD-66:1|PROD-494:2
user446@example.com,NEW,2023-10-07T15:00,PROD-970:1|PROD-747:2|PROD-406:2|PROD-933:2
user383@example.com,PAID,2023-01-31T16:00,PROD-198:3
user265@example.com,NEW,2023-12-20T13:00,PROD-970:1|PROD-240:2|PROD-747:3|PROD-79:1
user147@example.com,NEW,2024-04-20T13:00,PROD-469:2|PROD-536:1|PROD-879:2|PROD-735:3
user132@example.com,PAID,2023-02-20T15:00,PROD-356:2|PROD-256:1|PROD-965:2|PROD-501:3
user371@example.com,NEW,2024-01-25T18:00,PROD-909:1|PROD-945:2
user78@example.com,PAID,2023-09-25T19:00,PROD-121:3|PROD-65:2|PROD-602:2
user449@example.com,PAID,2023-03-30T19:00,PROD-586:3
user361@example.com,PAID,2023-05-01T17:00,PROD-396:1
user366@example.com,NEW,2024-02-20T19:00,PROD-446:1|PROD-247:3|PROD-533:3|PROD-239:1
user209@example.com,PAID,2024-10-30T17:00,PROD-65:2
user125@example.com,CANCELLED,2024-08-09T19:00,PROD-473:1|PROD-416:1|PROD-69:3|PROD-993:1
user13@example.com,CANCELLED,2023-01-17T11:00,PROD-749:2|PROD-423:3|PROD-123:2
user473@example.com,CANCELLED,2023-05-29T10:00,PROD-128:3|PROD-89:2|PROD-333:1|PROD-707:1
user158@example.com,PAID,2023-05-04T10:00,PROD-756:1|PROD-254:3
user299@example.com,NEW,2024-03-16T15:00,PROD-74:3|PROD-295:2
user233@example.com,CANCELLED,2024-01-15T19:00,PROD-379:3|PROD-461:2|PROD-852:2|PROD-319:1
user5@example.com,PAID,2024-03-18T14:00,PROD-154:1|PROD-120:3|PROD-690:2|PROD-264:2
user241@example.com,CANCELLED,2023-12-22T21:00,PROD-15:3
user12@example.com,PAID,2023-08-28T16:00,PROD-580:2
user491@example.com,NEW,2023-04-10T21:00,PROD-146:2|PROD-37:2|PROD-470:1
user45@example.com,PAID,2024-05-20T10:00,PROD-51:3
user329@example.com,PAID,2023-11-11T14:00,PROD-970:2
user213@example.com,NEW,2024-05-19T12:00,PROD-170:3|PROD-397:2|PROD-814:1
user260@example.com,PAID,2024-09-27T15:00,PROD-679:2|PROD-647:3
user43@example.com,PAID,2023-04-28T18:00,PROD-192:2|PROD-773:1
user356@example.com,PAID,2024-05-21T12:00,PROD-375:2|PROD-459:1|PROD-416:2|PROD-755:3
user182@example.com,NEW,2024-12-04T14:00,PROD-473:2|PROD-549:2|PROD-573:2|PROD-670:3
user165@example.com,PAID,2024-01-11T21:00,PROD-864:2|PROD-358:3
user269@example.com,CANCELLED,2023-05-15T11:00,PROD-861:1|PROD-790:1|PROD-983:2
user19@example.com,PAID,2023-08-25T12:00,PROD-305:2|PROD-239:1|PROD-58:3|PROD-620:3
user387@example.com,NEW,2024-03-10T19:00,PROD-528:2|PROD-151:3
user194@example.com,PAID,2023-04-17T16:00,PROD-745:2|PROD-473:3|PROD-441:1|PROD-888:3
user232@example.com,PAID,2023-06-28T19:00,PROD-357:1|PROD-72:2
user261@example.com,NEW,2024-03-30T17:00,PROD-41:2
user164@example.com,PAID,2024-03-10T10:00,PROD-573:1|PROD-742:3|PROD-442:1|PROD-560:2
user250@example.com,CANCELLED,2024-04-03T16:00,PROD-135:2|PROD-828:3
user354@example.com,NEW,2023-01-19T10:00,PROD-354:3|PROD-427:2|PROD-686:2|PROD-58:1
user486@example.com,CANCELLED,2023-09-15T19:00,PROD-904:1|PROD-999:1
user297@example.com,PAID,2024-07-18T19:00,PROD-57:3|PROD-233:2|PROD-821:2|PROD-303:3
user475@example.com,PAID,2024-05-07T10:00,PROD-340:2|PROD-510:3|PROD-713:1
user426@example.com,PAID,2024-10-01T16:00,PROD-824:2|PROD-239:3|PROD-230:3
user473@example.com,CANCELLED,2024-10-16T10:00,PROD-269:3|PROD-480:2|PROD-712:1
user360@example.com,CANCELLED,2023-12-10T18:00,PROD-556:3
user259@example.com,CANCELLED,2023-12-13T17:00,PROD-806:2|PROD-702:1|PROD-972:1|PROD-153:2
user340@example.com,CANCELLED,2023-01-29T12:00,PROD-152:1
user165@example.com,CANCELLED,2023-07-12T13:00,PROD-816:3|PROD-942:3|PROD-241:2|PROD-353:1
user117@example.com,NEW,2023-09-15T12:00,PROD-246:3|PROD-623:3|PROD-901:1
user245@example.com,NEW,2024-02-09T12:00,PROD-638:1
user83@example.com,CANCELLED,2023-03-26T10:00,PROD-445:1
user273@example.com,PAID,2024-08-12T20:00,PROD-802:3
user386@example.com,NEW,2023-03-03T12:00,PROD-210:3
user450@example.com,PAID,2023-02-07T11:00,PROD-733:3|PROD-540:2
user173@example.com,PAID,2023-01-02T19:00,PROD-84:3|PROD-814:2
user372@example.com,PAID,2024-07-05T12:00,PROD-504:1|PROD-812:3|PROD-582:1|PROD-530:3
user285@example.com,NEW,2024-08-08T12:00,PROD-337:3|PROD-982:2
user448@example.com,PAID,2023-02-26T15:00,PROD-100:2
user295@example.com,PAID,2024-05-17T13:00,PROD-680:2|PROD-389:2
user302@example.com,CANCELLED,2024-01-30T13:00,PROD-231:2|PROD-686:1|PROD-526:2
user195@example.com,PAID,2024-06-10T20:00,PROD-144:1|PROD-888:1|PROD-6:1
user315@example.com,PAID,2024-02-22T20:00,PROD-467:1|PROD-262:1
user185@example.com,CANCELLED,2023-12-02T19:00,PROD-330:2
user422@example.com,PAID,2023-08-07T20:00,PROD-126:1|PROD-837:3|PROD-310:1|PROD-772:3
user473@example.com,PAID,2023-09-07T15:00,PROD-118:1|PROD-949:3|PROD-66:1|PROD-783:1
user29@example.com,PAID,2024-09-24T10:00,PROD-876:1|PROD-872:1
user422@example.com,PAID,2023-10-08T15:00,PROD-968:1
user419@example.com,CANCELLED,2024-01-15T11:00,PROD-724:1|PROD-898:3|PROD-226:1
user354@example.com,PAID,2023-06-01T20:00,PROD-618:2|PROD-448:1|PROD-813:1|PROD-76:2
user84@example.com,PAID,2023-04-21T13:00,PROD-462:2
user83@example.com,NEW,2024-07-23T14:00,PROD-466:2|PROD-836:3|PROD-730:2|PROD-550:2
user272@example.com,PAID,2024-08-20T10:00,PROD-375:2
user219@example.com,NEW,2024-03-06T17:00,PROD-337:1
user155@example.com,CANCELLED,2024-07-15T14:00,PROD-176:2|PROD-512:2|PROD-344:1
user299@example.com,PAID,2024-06-02T19:00,PROD-271:1
user277@example.com,PAID,2023-02-24T11:00,PROD-906:1|PROD-573:2
user173@example.com,PAID,2023-11-27T17:00,PROD-6:3|PROD-96:1|PROD-868:2|PROD-588:3
user206@example.com,NEW,2023-08-19T21:00,PROD-574:2|PROD-96:1|PROD-643:2
user296@example.com,PAID,2024-01-18T11:00,PROD-196:3|PROD-241:1|PROD-865:1
user67@example.com,PAID,2023-12-01T20:00,PROD-648:3|PROD-25:3
user18@example.com,PAID,2023-07-12T13:00,PROD-13:3|PROD-573:3|PROD-446:1|PROD-945:1
user179@example.com,PAID,2023-07-18T13:00,PROD-798:3
user164@example.com,PAID,2023-01-05T15:00,PROD-848:1
user248@example.com,PAID,2024-04-24T19:00,PROD-927:3|PROD-430:2|PROD-816:1
user63@example.com,CANCELLED,2023-12-16T13:00,PROD-976:1
user487@example.com,NEW,2024-12-07T19:00,PROD-253:2|PROD-181:1|PROD-709:3
user332@example.com,PAID,2023-05-09T13:00,PROD-990:3|PROD-283:1|PROD-476:2|PROD-817:2
user416@example.com,NEW,2023-11-06T10:00,PROD-91:2
user202@example.com,PAID,2024-06-04T11:00,PROD-113:1
user117@example.com,PAID,2024-08-14T17:00,PROD-688:1|PROD-403:3|PROD-690:1
user371@example.com,PAID,2023-03-17T19:00,PROD-69:3
user437@example.com,PAID,2023-08-12T21:00,PROD-653:1
user328@example.com,CANCELLED,2023-07-10T20:00,PROD-811:3
user93@example.com,PAID,2023-10-01T14:00,PROD-487:2|PROD-456:2
user135@example.com,PAID,2023-12-03T20:00,PROD-369:2|PROD-10:1|PROD-448:2|PROD-1:3
user402@example.com,NEW,2024-09-29T18:00,PROD-717:1
user42@example.com,PAID,2024-10-04T10:00,PROD-351:1|PROD-561:2|PROD-833:3
user9@example.com,PAID,2023-10-26T20:00,PROD-737:2|PROD-726:1|PROD-728:1|PROD-97:2
user309@example.com,PAID,2023-04-19T18:00,PROD-657:3
user477@example.com,PAID,2024-05-09T10:00,PROD-865:3|PROD-708:1
user133@example.com,PAID,2023-12-29T10:00,PROD-987:3
user245@example.com,PAID,2023-12-23T20:00,PROD-51:1|PROD-956:2
user480@example.com,CANCELLED,2023-08-24T11:00,PROD-400:2|PROD-445:3
user481@example.com,PAID,2023-08-31T20:00,PROD-254:3|PROD-741:3|PROD-102:2
user402@example.com,NEW,2024-03-18T18:00,PROD-902:3
user183@example.com,PAID,2023-03-19T19:00,PROD-438:3|PROD-226:1|PROD-443:1
user41@example.com,PAID,2023-08-22T19:00,PROD-257:1|PROD-963:1|PROD-657:3
user374@example.com,PAID,2024-06-26T18:00,PROD-208:3|PROD-969:3|PROD-376:2
user182@example.com,CANCELLED,2024-01-13T11:00,PROD-298:1|PROD-467:3|PROD-922:1
user152@example.com,CANCELLED,2023-09-05T16:00,PROD-385:1|PROD-871:1|PROD-703:1
user256@example.com,PAID,2023-07-04T20:00,PROD-108:3|PROD-886:2|PROD-432:1
user485@example.com,PAID,2024-02-13T12:00,PROD-785:1|PROD-183:3|PROD-82:3|PROD-564:3
user488@example.com,PAID,2024-08-25T15:00,PROD-241:1|PROD-832:1|PROD-638:2
user496@example.com,PAID,2024-04-22T13:00,PROD-509:1|PROD-975:3|PROD-27:3
user201@example.com,PAID,2023-09-29T13:00,PROD-12:2
user429@example.com,PAID,2024-07-13T12:00,PROD-472:2|PROD-383:3
user36@example.com,PAID,2024-07-02T16:00,PROD-829:2
user118@example.com,NEW,2024-02-14T21:00,PROD-962:2|PROD-344:2
user471@example.com,PAID,2024-11-19T14:00,PROD-751:2|PROD-799:1|PROD-190:1|PROD-314:1
user378@example.com,NEW,2023-09-25T18:00,PROD-952:3|PROD-813:2
user251@example.com,NEW,2023-07-13T20:00,PROD-824:3|PROD-324:3|PROD-395:1|PROD-823:2
user448@example.com,PAID,2023-02-22T12:00,PROD-457:1|PROD-372:1|PROD-261:1|PROD-733:2
user41@example.com,PAID,2024-02-18T21:00,PROD-263:2|PROD-845:2|PROD-385:1
user372@example.com,PAID,2023-05-22T18:00,PROD-707:2
user186@example.com,PAID,2023-05-06T20:00,PROD-641:1|PROD-195:2|PROD-411:3
user176@example.com,PAID,2024-08-08T11:00,PROD-316:3|PROD-856:1|PROD-731:2|PROD-123:1
user199@example.com,PAID,2024-04-29T18:00,PROD-96:1|PROD-632:1
user237@example.com,PAID,2023-09-27T20:00,PROD-948:3|PROD-661:3|PROD-7:3|PROD-490:3
user81@example.com,PAID,2023-12-26T10:00,PROD-403:3
user171@example.com,PAID,2024-03-08T19:00,PROD-682:2|PROD-872:1|PROD-799:3
user87@example.com,PAID,2024-02-01T21:00,PROD-825:2|PROD-107:3|PROD-516:3|PROD-270:2
user222@example.com,PAID,2024-05-13T17:00,PROD-212:2|PROD-905:3
user497@example.com,PAID,2023-08-19T16:00,PROD-252:2|PROD-512:1
user432@example.com,NEW,2023-10-24T16:00,PROD-633:2|PROD-171:1
user63@example.com,CANCELLED,2023-01-27T13:00,PROD-486:2
user61@example.com,PAID,2024-07-29T20:00,PROD-1000:3|PROD-949:3
user72@example.com,PAID,2023-04-08T17:00,PROD-52:3|PROD-907:2|PROD-22:2|PROD-462:1
user340@example.com,PAID,2023-03-05T18:00,PROD-142:2|PROD-217:3|PROD-711:1|PROD-173:3
user310@example.com,PAID,2023-07-17T16:00,PROD-218:3|PROD-653:2|PROD-376:2|PROD-154:2
user475@example.com,PAID,2024-07-21T19:00,PROD-745:1|PROD-773:3|PROD-109:2
user161@example.com,PAID,2024-04-17T13:00,PROD-403:3|PROD-403:1|PROD-399:2
user317@example.com,PAID,2024-06-23T12:00,PROD-344:2|PROD-891:2
user196@example.com,PAID,2024-11-15T10:00,PROD-493:3
user440@example.com,PAID,2023-08-22T18:00,PROD-895:2|PROD-331:1|PROD-998:3
user39@example.com,PAID,2024-03-18T11:00,PROD-468:2|PROD-736:2|PROD-495:3
user205@example.com,PAID,2024-08-25T15:00,PROD-686:2|PROD-255:2|PROD-620:1|PROD-946:3
user377@example.com,PAID,2024-12-10T19:00,PROD-43:1
user380@example.com,CANCELLED,2023-03-20T15:00,PROD-255:3|PROD-809:1
user102@example.com,NEW,2023-09-17T15:00,PROD-188:3|PROD-40:3|PROD-48:3
user478@example.com,PAID,2024-02-09T20:00,PROD-235:3|PROD-421:2|PROD-963:3|PROD-766:1
user465@example.com,PAID,2024-07-31T19:00,PROD-896:1|PROD-297:2
user221@example.com,CANCELLED,2023-11-21T21:00,PROD-192:2
user153@example.com,PAID,2024-10-16T15:00,PROD-520:3|PROD-448:2
user56@example.com,NEW,2024-11-15T20:00,PROD-304:2|PROD-297:2|PROD-4:2|PROD-990:2
user492@example.com,PAID,2024-11-12T19:00,PROD-555:2|PROD-348:3|PROD-613:2
user56@example.com,PAID,2023-08-30T17:00,PROD-10:3|PROD-209:1|PROD-449:2|PROD-161:3
user336@example.com,PAID,2023-06-19T13:00,PROD-407:2
user277@example.com,PAID,2023-09-28T17:00,PROD-54:2|PROD-769:2|PROD-998:3
user89@example.com,PAID,2024-07-18T13:00,PROD-372:2
user222@example.com,PAID,2024-08-25T13:00,PROD-21:1|PROD-703:3
user460@example.com,CANCELLED,2024-08-17T13:00,PROD-884:2|PROD-884:2|PROD-200:3
user36@example.com,NEW,2024-09-20T19:00,PROD-850:3|PROD-577:1
user397@example.com,PAID,2024-11-03T14:00,PROD-946:2
user284@example.com,NEW,2023-07-05T12:00,PROD-192:2|PROD-569:2
user263@example.com,PAID,2024-07-08T13:00,PROD-390:1|PROD-211:3|PROD-488:3
user388@example.com,CANCELLED,2024-08-30T20:00,PROD-389:3
user101@example.com,NEW,2024-07-05T19:00,PROD-591:2|PROD-567:3|PROD-634:3
user285@example.com,PAID,2023-10-05T18:00,PROD-313:3|PROD-899:2
user197@example.com,NEW,2024-02-16T14:00,PROD-61:1
user115@example.com,PAID,2024-03-17T19:00,PROD-987:3|PROD-163:3|PROD-313:3
user2@example.com,PAID,2023-05-03T12:00,PROD-52:1
user372@example.com,PAID,2023-01-02T18:00,PROD-722:1|PROD-863:3
user39@example.com,PAID,2023-08-18T12:00,PROD-748:3|PROD-476:1|PROD-854:1|PROD-515:3
user424@example.com,PAID,2023-01-01T10:00,PROD-603:1|PROD-196:3
user343@example.com,PAID,2023-12-08T12:00,PROD-81:1|PROD-69:2|PROD-608:1
user398@example.com,PAID,2023-01-13T10:00,PROD-440:1
user401@example.com,PAID,2023-08-11T14:00,PROD-621:2|PROD-336:3|PROD-438:3
user5@example.com,PAID,2023-12-22T16:00,PROD-798:1
user161@example.com,PAID,2023-05-30T21:00,PROD-836:3|PROD-355:3|PROD-921:2|PROD-942:1
user241@example.com,PAID,2024-10-05T11:00,PROD-845:1
user317@example.com,CANCELLED,2024-03-10T15:00,PROD-949:3|PROD-329:1|PROD-131:2
user146@example.com,NEW,2024-08-24T21:00,PROD-387:3
user150@example.com,PAID,2023-03-04T14:00,PROD-91:1|PROD-906:2|PROD-753:2|PROD-530:3
user311@example.com,PAID,2024-02-09T11:00,PROD-956:3|PROD-58:2|PROD-72:3
user225@example.com,PAID,2023-06-26T13:00,PROD-598:3|PROD-147:1
user428@example.com,PAID,2023-04-18T20:00,PROD-862:3|PROD-870:2|PROD-977:2|PROD-816:2
user18@example.com,PAID,2024-01-24T11:00,PROD-537:1|PROD-891:1|PROD-289:3|PROD-491:3
user454@example.com,PAID,2024-06-08T17:00,PROD-634:2
user445@example.com,PAID,2024-08-24T16:00,PROD-289:3|PROD-64:1|PROD-470:1
user269@example.com,PAID,2023-06-05T15:00,PROD-241:3|PROD-612:1|PROD-283:1
user439@example.com,CANCELLED,2023-11-18T17:00,PROD-769:2|PROD-448:1|PROD-711:1|PROD-763:2
user194@example.com,PAID,2023-02-27T12:00,PROD-568:1
user92@example.com,PAID,2024-03-18T14:00,PROD-197:2
user420@example.com,NEW,2024-02-16T18:00,PROD-386:1|PROD-896:2
user154@example.com,PAID,2024-08-03T12:00,PROD-556:1|PROD-50:2|PROD-64:2|PROD-833:1
user434@example.com,PAID,2024-07-02T15:00,PROD-933:1|PROD-348:2
user174@example.com,PAID,2023-04-28T17:00,PROD-636:2|PROD-82:3|PROD-407:2
user360@example.com,NEW,2023-03-28T13:00,PROD-833:3
user34@example.com,CANCELLED,2024-11-08T18:00,PROD-684:2|PROD-274:3|PROD-464:3
user246@example.com,PAID,2023-07-18T20:00,PROD-300:3|PROD-370:3|PROD-612:1
user360@example.com,PAID,2023-05-04T18:00,PROD-251:1|PROD-899:2
user481@example.com,PAID,2024-02-06T18:00,PROD-718:3
user326@example.com,PAID,2023-09-03T10:00,PROD-13:2|PROD-768:2
user341@example.com,PAID,2024-05-05T14:00,PROD-690:2|PROD-385:2|PROD-300:3|PROD-600:3
user79@example.com,PAID,2024-06-07T10:00,PROD-359:1|PROD-891:1
user491@example.com,PAID,2024-08-24T13:00,PROD-419:2|PROD-888:1|PROD-203:2
user239@example.com,PAID,2023-02-22T19:00,PROD-627:1|PROD-615:2|PROD-212:1
user1@example.com,NEW,2023-08-01T12:00,PROD-338:3|PROD-997:1
user271@example.com,PAID,2024-07-05T13:00,PROD-255:1|PROD-141:2|PROD-296:1|PROD-422:2
user189@example.com,PAID,2024-05-05T13:00,PROD-647:2|PROD-519:2|PROD-746:2
user29@example.com,PAID,2023-08-19T16:00,PROD-53:1
user26@example.com,CANCELLED,2023-05-29T16:00,PROD-826:3|PROD-158:1|PROD-291:3|PROD-159:1
user427@example.com,PAID,2024-12-22T21:00,PROD-716:2|PROD-74:3|PROD-944:3|PROD-124:1
user341@example.com,PAID,2024-05-26T12:00,PROD-435:1|PROD-873:2
user34@example.com,NEW,2024-04-09T14:00,PROD-562:2|PROD-434:3|PROD-602:2
user114@example.com,CANCELLED,2023-09-27T18:00,PROD-441:1|PROD-567:3|PROD-952:2|PROD-806:1
user369@example.com,NEW,2023-02-28T17:00,PROD-491:1|PROD-90:1|PROD-215:2|PROD-227:1
user61@example.com,NEW,2023-09-05T11:00,PROD-636:1|PROD-400:3|PROD-881:1|PROD-272:3
user331@example.com,PAID,2024-08-04T17:00,PROD-210:2|PROD-769:2|PROD-474:1
user146@example.com,PAID,2024-04-07T18:00,PROD-963:2
user251@example.com,CANCELLED,2023-02-05T15:00,PROD-678:3
user367@example.com,NEW,2023-06-05T20:00,PROD-590:3
user272@example.com,CANCELLED,2024-06-06T15:00,PROD-542:1|PROD-31:2|PROD-519:1
user420@example.com,CANCELLED,2024-05-02T15:00,PROD-490:2|PROD-14:3|PROD-389:3
user113@example.com,PAID,2023-08-18T12:00,PROD-261:1|PROD-769:3|PROD-264:1
user487@example.com,PAID,2024-10-14T20:00,PROD-166:1|PROD-272:2|PROD-675:2|PROD-686:2
user432@example.com,PAID,2023-03-27T20:00,PROD-156:2
user497@example.com,CANCELLED,2023-04-16T14:00,PROD-702:3|PROD-809:1|PROD-279:2
user461@example.com,PAID,2023-05-09T15:00,PROD-734:3|PROD-683:1
user110@example.com,PAID,2024-06-20T20:00,PROD-479:1
user225@example.com,CANCELLED,2024-02-21T17:00,PROD-265:1|PROD-653:2|PROD-174:1|PROD-931:2
user497@example.com,PAID,2024-01-21T18:00,PROD-220:3|PROD-141:1|PROD-299:3
user199@example.com,PAID,2024-11-04T17:00,PROD-576:3|PROD-609:1|PROD-17:3
user136@example.com,CANCELLED,2024-02-23T11:00,PROD-819:1|PROD-924:2|PROD-105:2|PROD-140:3
user246@example.com,NEW,2023-11-02T12:00,PROD-520:1|PROD-613:3|PROD-561:1
user423@example.com,PAID,2023-09-01T17:00,PROD-621:2
user413@example.com,NEW,2024-04-29T11:00,PROD-82:3|PROD-425:3|PROD-506:3|PROD-511:3
user340@example.com,PAID,2024-05-04T11:00,PROD-897:1|PROD-585:1|PROD-655:2
user227@example.com,PAID,2023-11-20T13:00,PROD-822:2|PROD-900:1
user58@example.com,CANCELLED,2024-03-10T13:00,PROD-938:3|PROD-860:2|PROD-852:2
user440@example.com,CANCELLED,2024-09-30T14:00,PROD-345:1|PROD-124:1
user470@example.com,PAID,2023-01-08T15:00,PROD-142:1
user176@example.com,PAID,2023-04-12T15:00,PROD-472:3|PROD-990:3|PROD-62:3
user100@example.com,CANCELLED,2024-06-25T14:00,PROD-739:1|PROD-122:1
user262@example.com,CANCELLED,2023-09-12T15:00,PROD-9:2|PROD-510:3
user305@example.com,PAID,2023-05-05T12:00,PROD-619:1|PROD-524:2|PROD-806:1|PROD-918:2
user101@example.com,NEW,2023-02-12T19:00,PROD-992:3|PROD-166:2|PROD-33:1
user252@example.com,PAID,2023-07-27T17:00,PROD-399:1|PROD-17:1|PROD-811:3
user224@example.com,PAID,2023-12-23T10:00,PROD-313:1|PROD-127:1|PROD-825:3|PROD-52:3
user263@example.com,PAID,2023-03-04T13:00,PROD-271:2|PROD-768:1|PROD-109:3|PROD-522:2
user300@example.com,CANCELLED,2023-11-08T17:00,PROD-388:2
user369@example.com,PAID,2023-01-29T21:00,PROD-280:3|PROD-375:3
user26@example.com,PAID,2024-04-14T13:00,PROD-397:1|PROD-641:2|PROD-670:1
user376@example.com,PAID,2023-09-07T17:00,PROD-452:1
user350@example.com,PAID,2024-11-04T14:00,PROD-701:1|PROD-508:3|PROD-272:2|PROD-947:1
user179@example.com,PAID,2023-02-26T20:00,PROD-330:2|PROD-506:2|PROD-121:1
user3@example.com,PAID,2023-01-11T15:00,PROD-313:1
user21@example.com,CANCELLED,2024-05-13T10:00,PROD-234:3|PROD-286:3|PROD-9:2
user488@example.com,PAID,2024-03-01T11:00,PROD-850:3|PROD-415:2|PROD-472:3|PROD-103:1
user250@example.com,NEW,2023-02-14T15:00,PROD-496:3
user358@example.com,PAID,2023-10-17T18:00,PROD-163:2|PROD-756:1|PROD-332:1
user75@example.com,PAID,2024-05-21T12:00,PROD-579:1|PROD-816:3
user234@example.com,PAID,2023-09-30T12:00,PROD-687:3|PROD-788:3
user70@example.com,PAID,2023-12-21T13:00,PROD-389:3|PROD-101:2
user255@example.com,PAID,2023-04-25T10:00,PROD-348:2|PROD-791:1|PROD-259:2
user396@example.com,NEW,2024-09-02T15:00,PROD-929:1|PROD-988:2|PROD-161:1|PROD-988:3
user343@example.com,PAID,2024-09-22T15:00,PROD-446:3
user355@example.com,PAID,2024-01-10T19:00,PROD-580:2|PROD-184:1
user400@example.com,PAID,2024-02-25T15:00,PROD-62:2|PROD-357:2
user494@example.com,PAID,2024-07-27T20:00,PROD-392:1|PROD-701:3|PROD-851:1
user25@example.com,PAID,2023-05-17T16:00,PROD-581:3
user461@example.com,PAID,2023-10-10T14:00,PROD-385:2|PROD-854:2|PROD-283:3
user353@example.com,NEW,2024-05-14T10:00,PROD-51:2
user163@example.com,PAID,2023-02-05T19:00,PROD-584:1|PROD-957:1|PROD-841:3
user363@example.com,PAID,2024-07-10T16:00,PROD-386:2|PROD-411:3|PROD-549:2|PROD-338:3
user75@example.com,NEW,2023-09-08T16:00,PROD-314:2|PROD-95:2
user112@example.com,PAID,2024-04-01T18:00,PROD-55:3|PROD-429:1|PROD-444:3|PROD-381:1
user469@example.com,CANCELLED,2024-04-14T15:00,PROD-344:3|PROD-601:2|PROD-61:3|PROD-828:3
user422@example.com,PAID,2023-10-15T21:00,PROD-400:2
user404@example.com,NEW,2024-09-15T13:00,PROD-684:2|PROD-628:3
user401@example.com,PAID,2023-07-01T15:00,PROD-741:1
user239@example.com,NEW,2024-04-26T11:00,PROD-270:3|PROD-777:2
user43@example.com,PAID,2024-07-11T10:00,PROD-870:2
user329@example.com,PAID,2024-04-29T12:00,PROD-463:3
user460@example.com,PAID,2024-09-10T13:00,PROD-428:1|PROD-53:2|PROD-364:1|PROD-565:2
user58@example.com,PAID,2023-05-14T18:00,PROD-83:2|PROD-782:3
user66@example.com,PAID,2023-08-21T20:00,PROD-399:3|PROD-238:3|PROD-221:2|PROD-736:3
user103@example.com,CANCELLED,2024-08-08T13:00,PROD-283:2|PROD-638:2|PROD-870:1
user162@example.com,CANCELLED,2024-05-08T20:00,PROD-845:1|PROD-50:3|PROD-735:3
user53@example.com,PAID,2023-07-06T13:00,PROD-600:1|PROD-206:3|PROD-14:1|PROD-99:2
user30@example.com,PAID,2024-09-26T13:00,PROD-527:3|PROD-4:2
user471@example.com,PAID,2024-05-07T14:00,PROD-645:2|PROD-640:1
user274@example.com,PAID,2023-02-22T14:00,PROD-858:1
user331@example.com,PAID,2023-11-17T12:00,PROD-532:3|PROD-692:3|PROD-308:2|PROD-501:1
user422@example.com,PAID,2023-06-17T12:00,PROD-428:1|PROD-73:1|PROD-239:1|PROD-484:1
user467@example.com,PAID,2023-09-04T18:00,PROD-659:1|PROD-755:3
user445@example.com,PAID,2023-11-13T21:00,PROD-800:1|PROD-142:3
user176@example.com,PAID,2023-01-20T20:00,PROD-732:3|PROD-793:1|PROD-217:2
user28@example.com,PAID,2023-07-10T13:00,PROD-171:3|PROD-739:3
user174@example.com,CANCELLED,2023-04-09T21:00,PROD-826:2|PROD-919:1|PROD-580:3|PROD-196:2
user99@example.com,PAID,2024-09-10T15:00,PROD-755:3|PROD-319:2|PROD-244:1
user451@example.com,PAID,2023-09-14T20:00,PROD-967:3|PROD-248:3|PROD-522:2
user184@example.com,PAID,2024-11-18T21:00,PROD-53:1|PROD-421:2|PROD-847:1|PROD-477:3
user127@example.com,NEW,2023-03-30T19:00,PROD-594:1|PROD-14:3
user383@example.com,NEW,2024-10-23T21:00,PROD-367:3|PROD-766:1|PROD-912:1|PROD-259:2
user487@example.com,PAID,2024-10-15T19:00,PROD-154:2|PROD-577:3|PROD-680:3|PROD-867:3
user70@example.com,PAID,2023-07-29T18:00,PROD-119:2|PROD-609:2|PROD-202:3
user162@example.com,PAID,2024-05-05T17:00,PROD-406:2|PROD-989:2
user354@example.com,PAID,2023-10-15T16:00,PROD-118:1|PROD-11:3
user299@example.com,CANCELLED,2023-04-06T11:00,PROD-63:2|PROD-985:2|PROD-147:3
user329@example.com,PAID,2024-06-20T21:00,PROD-563:3|PROD-983:2|PROD-228:1|PROD-187:3
user193@example.com,NEW,2024-09-14T20:00,PROD-611:1|PROD-871:3|PROD-772:3
user52@example.com,PAID,2024-10-12T12:00,PROD-340:1|PROD-390:3|PROD-762:1|PROD-577:3
user443@example.com,PAID,2023-05-12T13:00,PROD-622:2
user210@example.com,PAID,2024-11-12T20:00,PROD-324:1
user334@example.com,PAID,2024-01-13T12:00,PROD-410:2
user209@example.com,NEW,2023-02-11T21:00,PROD-298:3|PROD-690:3|PROD-637:2
user401@example.com,CANCELLED,2024-04-04T17:00,PROD-96:1|PROD-495:1|PROD-890:3|PROD-829:3
user186@example.com,PAID,2024-06-08T12:00,PROD-438:3|PROD-277:2|PROD-532:2
user74@example.com,NEW,2024-06-07T10:00,PROD-433:1|PROD-112:2|PROD-504:2
user257@example.com,PAID,2024-04-25T19:00,PROD-714:2|PROD-449:2
user86@example.com,NEW,2024-12-19T14:00,PROD-696:3|PROD-457:3
user427@example.com,PAID,2024-10-17T14:00,PROD-225:3|PROD-96:3|PROD-493:3|PROD-273:1
user367@example.com,NEW,2023-11-13T17:00,PROD-256:2
user373@example.com,NEW,2023-01-04T21:00,PROD-926:3
user106@example.com,PAID,2024-01-10T16:00,PROD-614:1|PROD-947:1
user66@example.com,NEW,2024-05-03T19:00,PROD-786:3|PROD-966:3|PROD-986:3
user119@example.com,NEW,2024-04-10T21:00,PROD-284:2|PROD-329:2
user33@example.com,PAID,2023-08-16T19:00,PROD-58:3
user224@example.com,CANCELLED,2023-05-06T13:00,PROD-843:2|PROD-557:3|PROD-749:1
user274@example.com,PAID,2024-09-23T14:00,PROD-769:1|PROD-797:1|PROD-645:2|PROD-38:1
user64@example.com,NEW,2023-08-11T21:00,PROD-935:1|PROD-964:1
user108@example.com,PAID,2023-10-07T10:00,PROD-600:1|PROD-98:1|PROD-633:3
user115@example.com,PAID,2024-07-23T20:00,PROD-727:3|PROD-309:1|PROD-348:1|PROD-589:2
user245@example.com,PAID,2023-10-09T19:00,PROD-550:1|PROD-348:2|PROD-920:3
user381@example.com,CANCELLED,2023-07-20T13:00,PROD-803:1
user344@example.com,NEW,2024-03-05T17:00,PROD-943:2
user6@example.com,NEW,2023-04-30T18:00,PROD-914:1|PROD-842:1
user41@example.com,PAID,2024-12-20T20:00,PROD-591:3
user178@example.com,NEW,2023-10-28T16:00,PROD-575:2
user209@example.com,PAID,2023-06-19T11:00,PROD-65:1|PROD-182:3|PROD-548:1|PROD-566:1
user492@example.com,PAID,2024-05-30T19:00,PROD-542:1|PROD-134:2|PROD-77:3|PROD-246:2
user297@example.com,PAID,2023-08-20T10:00,PROD-205:2|PROD-113:3
user118@example.com,PAID,2024-12-21T16:00,PROD-86:1|PROD-228:3|PROD-651:3|PROD-110:2
user139@example.com,PAID,2024-07-11T14:00,PROD-233:3|PROD-699:2|PROD-492:2
user365@example.com,PAID,2023-06-13T19:00,PROD-551:3|PROD-478:1|PROD-463:3|PROD-951:3
user240@example.com,PAID,2024-10-05T16:00,PROD-575:2|PROD-622:3
user197@example.com,PAID,2023-08-17T11:00,PROD-515:1|PROD-623:3
user150@example.com,PAID,2023-11-04T10:00,PROD-23:2|PROD-242:3|PROD-314:3|PROD-569:1
user211@example.com,PAID,2023-09-11T21:00,PROD-944:1|PROD-642:1|PROD-877:2
user168@example.com,CANCELLED,2023-02-16T10:00,PROD-915:3|PROD-778:3|PROD-765:3
user129@example.com,PAID,2023-11-13T19:00,PROD-152:3|PROD-188:1|PROD-775:2
user193@example.com,CANCELLED,2024-01-19T18:00,PROD-896:2
user275@example.com,CANCELLED,2024-04-03T12:00,PROD-920:2|PROD-188:1
user37@example.com,PAID,2023-09-03T18:00,PROD-423:3|PROD-873:3|PROD-463:3|PROD-871:2
user43@example.com,PAID,2024-06-03T14:00,PROD-505:2|PROD-115:2
user233@example.com,PAID,2024-10-10T21:00,PROD-109:1|PROD-240:2
user441@example.com,NEW,2024-01-05T19:00,PROD-401:2|PROD-339:2|PROD-438:1|PROD-291:1
user399@example.com,PAID,2024-11-04T14:00,PROD-380:1|PROD-304:3
user103@example.com,NEW,2023-01-14T18:00,PROD-749:2
user376@example.com,PAID,2024-05-29T11:00,PROD-168:1|PROD-744:2|PROD-860:3
user150@example.com,NEW,2024-07-04T19:00,PROD-703:3|PROD-619:3|PROD-925:3
user171@example.com,PAID,2023-08-01T10:00,PROD-990:3
user82@example.com,PAID,2023-06-19T20:00,PROD-714:2|PROD-36:1|PROD-249:1|PROD-130:1
user120@example.com,PAID,2024-01-15T15:00,PROD-398:2|PROD-320:1|PROD-824:1|PROD-409:3
user132@example.com,CANCELLED,2023-06-13T11:00,PROD-496:2|PROD-526:1|PROD-372:3|PROD-642:3
user138@example.com,PAID,2024-01-09T21:00,PROD-122:1|PROD-385:3
user415@example.com,CANCELLED,2024-07-12T19:00,PROD-824:1|PROD-358:1|PROD-667:3|PROD-13:1
user402@example.com,NEW,2023-04-20T16:00,PROD-17:2
user167@example.com,PAID,2023-06-15T10:00,PROD-269:1|PROD-177:1|PROD-629:1
user99@example.com,CANCELLED,2023-07-12T11:00,PROD-105:2
user355@example.com,PAID,2023-09-10T16:00,PROD-888:1
user156@example.com,CANCELLED,2024-06-16T21:00,PROD-461:2|PROD-908:2|PROD-787:2|PROD-397:2
user286@example.com,PAID,2023-04-03T17:00,PROD-817:2
user323@example.com,PAID,2024-07-29T10:00,PROD-64:2|PROD-13:2
user137@example.com,PAID,2023-12-29T21:00,PROD-19:1|PROD-489:3
user147@example.com,PAID,2023-05-15T17:00,PROD-92:2|PROD-39:2|PROD-951:2|PROD-539:3
user430@example.com,PAID,2023-12-01T21:00,PROD-114:1|PROD-485:3|PROD-299:2
user91@example.com,PAID,2023-07-07T18:00,PROD-796:1|PROD-833:2|PROD-132:2|PROD-573:3
user488@example.com,NEW,2023-06-30T20:00,PROD-901:2|PROD-587:1|PROD-792:1|PROD-460:2
user140@example.com,PAID,2023-08-28T12:00,PROD-302:2
user201@example.com,PAID,2024-10-22T13:00,PROD-9:1|PROD-28:1
user269@example.com,PAID,2023-11-05T19:00,PROD-76:3|PROD-659:3|PROD-288:2
user210@example.com,PAID,2024-08-17T14:00,PROD-755:1|PROD-850:2|PROD-81:1|PROD-412:1
user155@example.com,CANCELLED,2024-05-19T13:00,PROD-6:2
user58@example.com,CANCELLED,2023-03-06T11:00,PROD-725:1
user479@example.com,PAID,2024-01-18T21:00,PROD-905:1|PROD-338:3
user476@example.com,PAID,2024-12-20T14:00,PROD-110:2
user299@example.com,PAID,2024-06-04T20:00,PROD-401:1|PROD-748:2|PROD-115:2|PROD-409:1
user261@example.com,PAID,2023-10-27T11:00,PROD-915:1|PROD-78:3|PROD-68:2|PROD-461:3
user41@example.com,PAID,2024-09-24T21:00,PROD-428:2|PROD-137:3|PROD-137:3|PROD-520:3
user121@example.com,PAID,2024-03-31T14:00,PROD-519:1
user378@example.com,PAID,2023-07-16T11:00,PROD-936:2|PROD-719:1
user426@example.com,NEW,2024-03-21T16:00,PROD-840:3|PROD-420:1|PROD-866:2
user236@example.com,PAID,2023-06-07T21:00,PROD-223:1|PROD-670:3|PROD-670:1|PROD-128:2
user258@example.com,PAID,2023-01-13T12:00,PROD-609:3|PROD-513:1
user244@example.com,PAID,2023-10-02T18:00,PROD-934:3|PROD-558:2|PROD-440:2|PROD-900:2
user252@example.com,NEW,2024-12-05T13:00,PROD-604:3|PROD-613:1|PROD-331:1|PROD-574:1
user64@example.com,PAID,2023-12-12T10:00,PROD-771:1
user415@example.com,PAID,2024-10-25T13:00,PROD-561:3|PROD-412:3|PROD-216:2
user331@example.com,CANCELLED,2024-09-03T12:00,PROD-904:3|PROD-334:2
user435@example.com,PAID,2023-04-27T21:00,PROD-194:3|PROD-85:3|PROD-800:1|PROD-38:3
user194@example.com,NEW,2024-03-04T21:00,PROD-765:2|PROD-162:1|PROD-598:1
user341@example.com,PAID,2024-04-07T16:00,PROD-499:2|PROD-208:3
user399@example.com,NEW,2024-02-04T11:00,PROD-190:3|PROD-32:1|PROD-65:3
user226@example.com,CANCELLED,2024-10-23T14:00,PROD-827:2|PROD-412:1|PROD-464:2
user398@example.com,PAID,2023-07-18T21:00,PROD-255:3|PROD-450:1|PROD-359:1
user24@example.com,NEW,2023-08-14T14:00,PROD-514:1|PROD-784:3
user362@example.com,PAID,2024-01-21T17:00,PROD-698:1|PROD-345:3|PROD-958:2
user355@example.com,PAID,2023-06-14T14:00,PROD-720:3|PROD-341:1|PROD-663:2
user416@example.com,PAID,2024-05-24T16:00,PROD-448:2|PROD-858:3|PROD-928:1
user331@example.com,CANCELLED,2023-04-17T15:00,PROD-522:3
user471@example.com,NEW,2023-11-26T12:00,PROD-939:1|PROD-487:2
user44@example.com,CANCELLED,2023-11-13T15:00,PROD-259:2|PROD-477:1|PROD-48:1|PROD-151:2
user10@example.com,PAID,2023-12-04T13:00,PROD-316:1|PROD-681:1
user358@example.com,PAID,2024-08-28T10:00,PROD-435:3|PROD-867:3|PROD-77:2|PROD-938:2
user339@example.com,NEW,2024-02-25T14:00,PROD-587:2
user97@example.com,PAID,2023-05-27T13:00,PROD-429:3|PROD-439:1|PROD-588:3|PROD-983:3
user152@example.com,CANCELLED,2023-03-16T11:00,PROD-454:2|PROD-326:2|PROD-384:3
user338@example.com,PAID,2024-10-05T17:00,PROD-505:1|PROD-202:3|PROD-677:1|PROD-733:1
user198@example.com,PAID,2023-12-28T13:00,PROD-847:2|PROD-568:1
user236@example.com,PAID,2023-03-09T13:00,PROD-401:1|PROD-396:2
user56@example.com,PAID,2023-10-18T19:00,PROD-227:2|PROD-525:3|PROD-761:3
user196@example.com,PAID,2023-05-30T16:00,PROD-789:2|PROD-791:2
user218@example.com,PAID,2024-08-09T10:00,PROD-777:3|PROD-261:2
user187@example.com,NEW,2023-12-06T20:00,PROD-735:2|PROD-260:2|PROD-444:1|PROD-884:3
user44@example.com,PAID,2023-05-23T21:00,PROD-895:1|PROD-815:2
user162@example.com,NEW,2024-01-31T14:00,PROD-746:1|PROD-30:1
user394@example.com,CANCELLED,2024-10-30T16:00,PROD-561:2|PROD-782:3
user291@example.com,PAID,2024-05-04T18:00,PROD-344:3|PROD-515:1
user237@example.com,PAID,2023-02-26T15:00,PROD-193:1|PROD-454:2|PROD-580:3
user431@example.com,NEW,2023-11-12T16:00,PROD-306:1
user406@example.com,PAID,2024-09-07T18:00,PROD-975:3
user490@example.com,PAID,2023-08-06T12:00,PROD-913:1
user496@example.com,PAID,2024-12-09T13:00,PROD-149:3|PROD-436:1
user115@example.com,NEW,2023-08-28T21:00,PROD-948:1|PROD-505:1|PROD-601:2
user366@example.com,PAID,2023-11-05T17:00,PROD-166:2|PROD-982:3|PROD-974:2
user132@example.com,PAID,2024-11-09T15:00,PROD-802:3
user453@example.com,PAID,2024-09-24T19:00,PROD-124:3
user63@example.com,CANCELLED,2023-06-23T16:00,PROD-320:3|PROD-842:1|PROD-995:3|PROD-333:2
user366@example.com,PAID,2023-10-28T17:00,PROD-703:3
user121@example.com,PAID,2023-01-07T15:00,PROD-631:2
user256@example.com,PAID,2024-09-28T15:00,PROD-686:3|PROD-66:2|PROD-539:3
user403@example.com,PAID,2023-10-27T15:00,PROD-539:1
user39@example.com,PAID,2024-02-24T14:00,PROD-725:2
user351@example.com,CANCELLED,2023-07-09T11:00,PROD-36:2|PROD-281:3|PROD-777:1
user485@example.com,PAID,2023-09-04T21:00,PROD-971:2|PROD-169:2
user413@example.com,PAID,2023-07-28T17:00,PROD-527:2|PROD-779:2|PROD-676:2|PROD-921:1
user216@example.com,PAID,2023-10-30T16:00,PROD-709:1
user18@example.com,NEW,2023-09-25T19:00,PROD-629:3
user370@example.com,PAID,2024-08-03T12:00,PROD-702:1|PROD-465:2|PROD-600:3
user268@example.com,NEW,2024-09-29T15:00,PROD-528:3|PROD-494:2|PROD-159:3
user317@example.com,PAID,2023-04-23T16:00,PROD-251:2|PROD-89:2|PROD-94:1|PROD-78:1
user78@example.com,CANCELLED,2023-03-04T18:00,PROD-825:1|PROD-560:2
user404@example.com,NEW,2024-12-21T12:00,PROD-429:2|PROD-713:3
user210@example.com,NEW,2024-07-04T18:00,PROD-498:3|PROD-915:3|PROD-373:2|PROD-638:1
user237@example.com,PAID,2023-05-07T15:00,PROD-349:3
user45@example.com,PAID,2023-08-27T19:00,PROD-483:3|PROD-596:1
user461@example.com,CANCELLED,2023-08-19T11:00,PROD-906:1|PROD-775:1|PROD-42:3
user17@example.com,NEW,2024-01-29T21:00,PROD-197:2|PROD-918:3
user480@example.com,NEW,2024-01-28T20:00,PROD-384:3
user260@example.com,PAID,2023-11-09T10:00,PROD-226:3
user240@example.com,PAID,2024-07-14T15:00,PROD-729:1
user123@example.com,NEW,2023-09-01T14:00,PROD-364:3|PROD-792:2
user415@example.com,CANCELLED,2023-11-28T19:00,PROD-987:1|PROD-358:1
user483@example.com,NEW,2024-07-29T11:00,PROD-240:1
user119@example.com,PAID,2023-04-21T14:00,PROD-305:3|PROD-391:1|PROD-533:3|PROD-859:2
user136@example.com,CANCELLED,2024-03-31T14:00,PROD-349:3|PROD-256:1|PROD-71:1
user176@example.com,CANCELLED,2023-11-30T17:00,PROD-73:1|PROD-304:1
user257@example.com,CANCELLED,2023-09-21T10:00,PROD-531:1
user441@example.com,PAID,2024-06-15T17:00,PROD-268:1|PROD-705:2
user243@example.com,CANCELLED,2023-05-31T16:00,PROD-711:3
user3@example.com,PAID,2023-10-26T17:00,PROD-210:1
user173@example.com,PAID,2024-01-27T20:00,PROD-419:3|PROD-428:2
user24@example.com,CANCELLED,2023-07-20T17:00,PROD-361:2|PROD-337:2|PROD-998:2|PROD-808:3
user284@example.com,CANCELLED,2024-11-26T20:00,PROD-92:1
user134@example.com,CANCELLED,2024-09-09T10:00,PROD-728:3|PROD-187:2|PROD-817:3|PROD-88:1
user286@example.com,PAID,2024-01-04T15:00,PROD-865:3|PROD-589:2|PROD-305:3
user51@example.com,PAID,2023-10-11T18:00,PROD-711:3|PROD-934:1
user165@example.com,PAID,2024-01-16T11:00,PROD-707:1|PROD-956:3|PROD-248:2
user378@example.com,PAID,2024-12-28T15:00,PROD-428:3|PROD-983:2
user323@example.com,PAID,2024-04-30T14:00,PROD-845:3|PROD-495:1|PROD-454:2
user423@example.com,NEW,2023-09-25T18:00,PROD-256:3|PROD-104:1|PROD-93:3
user131@example.com,PAID,2024-07-17T14:00,PROD-432:3
user87@example.com,PAID,2023-08-27T17:00,PROD-553:1|PROD-331:1|PROD-241:3|PROD-599:2
user82@example.com,PAID,2023-03-26T20:00,PROD-726:3|PROD-16:2|PROD-268:2|PROD-380:3
user485@example.com,PAID,2023-07-31T18:00,PROD-756:2|PROD-424:1|PROD-272:3
user297@example.com,PAID,2024-07-24T17:00,PROD-443:1|PROD-90:1
user71@example.com,PAID,2024-05-03T16:00,PROD-416:1|PROD-353:3|PROD-466:1
user58@example.com,PAID,2024-06-29T17:00,PROD-497:1|PROD-321:1|PROD-294:2|PROD-277:3
user296@example.com,CANCELLED,2023-03-16T17:00,PROD-219:3|PROD-734:1
user339@example.com,PAID,2024-11-23T12:00,PROD-571:1|PROD-787:1|PROD-687:1|PROD-869:2
user492@example.com,PAID,2024-08-24T20:00,PROD-148:3|PROD-608:2
user394@example.com,PAID,2024-12-03T19:00,PROD-48:2
user279@example.com,PAID,2024-10-30T15:00,PROD-685:1|PROD-376:3|PROD-40:2|PROD-578:3
user263@example.com,PAID,2023-08-12T18:00,PROD-141:2
user482@example.com,NEW,2023-10-06T11:00,PROD-770:3
user83@example.com,NEW,2024-05-07T12:00,PROD-536:2|PROD-585:2
user354@example.com,PAID,2023-10-13T21:00,PROD-996:3|PROD-330:1|PROD-318:3|PROD-776:2
user330@example.com,PAID,2023-11-16T14:00,PROD-314:2|PROD-190:1
user112@example.com,PAID,2023-10-25T14:00,PROD-736:2|PROD-769:2|PROD-413:1
user302@example.com,PAID,2024-11-20T17:00,PROD-677:3|PROD-916:2|PROD-858:1|PROD-356:3
user92@example.com,PAID,2024-07-12T15:00,PROD-283:1
user258@example.com,PAID,2023-06-23T15:00,PROD-85:2
user116@example.com,PAID,2024-04-17T19:00,PROD-195:3|PROD-736:1|PROD-131:1
user49@example.com,PAID,2023-02-17T11:00,PROD-877:1
user267@example.com,PAID,2024-09-28T15:00,PROD-611:3
user378@example.com,PAID,2023-11-06T10:00,PROD-731:2|PROD-303:3
user421@example.com,PAID,2024-04-22T16:00,PROD-928:2|PROD-677:3|PROD-223:2
user156@example.com,NEW,2024-05-01T13:00,PROD-229:2|PROD-679:1|PROD-461:3|PROD-480:1
user497@example.com,PAID,2024-05-30T14:00,PROD-232:3|PROD-443:2|PROD-507:2
user417@example.com,NEW,2023-10-11T15:00,PROD-910:1|PROD-679:1
user252@example.com,NEW,2024-03-25T21:00,PROD-717:3|PROD-699:2
user432@example.com,PAID,2024-10-01T17:00,PROD-738:1
user182@example.com,PAID,2023-07-16T10:00,PROD-751:3|PROD-358:3|PROD-8:1|PROD-115:1
user341@example.com,PAID,2023-03-26T14:00,PROD-693:3|PROD-488:2|PROD-403:2|PROD-535:3
user263@example.com,PAID,2024-10-07T16:00,PROD-173:3|PROD-853:1
user225@example.com,NEW,2024-09-11T16:00,PROD-744:1|PROD-264:1
user11@example.com,CANCELLED,2024-07-03T17:00,PROD-662:3|PROD-120:3
user348@example.com,PAID,2024-02-12T16:00,PROD-183:3|PROD-171:2|PROD-959:2
user409@example.com,PAID,2023-06-16T20:00,PROD-173:2|PROD-556:2
user469@example.com,CANCELLED,2024-01-15T11:00,PROD-34:2|PROD-263:1|PROD-21:1
user347@example.com,CANCELLED,2023-11-19T16:00,PROD-983:1
user245@example.com,PAID,2023-01-24T14:00,PROD-634:2|PROD-9:2
user121@example.com,PAID,2024-10-10T11:00,PROD-789:3|PROD-84:3
user494@example.com,PAID,2023-12-05T18:00,PROD-645:1|PROD-542:2|PROD-625:1|PROD-711:1
user219@example.com,PAID,2023-09-10T18:00,PROD-279:3|PROD-674:1|PROD-470:1
user149@example.com,PAID,2023-11-06T16:00,PROD-874:3
user208@example.com,PAID,2024-10-02T19:00,PROD-905:2|PROD-867:2|PROD-601:2
user353@example.com,NEW,2023-04-07T12:00,PROD-842:2|PROD-581:3
user274@example.com,PAID,2023-09-02T15:00,PROD-486:3|PROD-357:1|PROD-593:3|PROD-239:1
user449@example.com,NEW,2023-05-16T17:00,PROD-91:2|PROD-352:3|PROD-590:3|PROD-840:3
user288@example.com,CANCELLED,2024-05-24T11:00,PROD-777:2
user1@example.com,CANCELLED,2024-08-10T18:00,PROD-795:3|PROD-254:2|PROD-817:2
user358@example.com,NEW,2024-09-09T11:00,PROD-352:3
user46@example.com,PAID,2023-08-22T10:00,PROD-462:1|PROD-375:2|PROD-922:2|PROD-20:3
user295@example.com,PAID,2023-11-25T16:00,PROD-324:1|PROD-235:2|PROD-142:2|PROD-639:1
user302@example.com,PAID,2023-08-20T13:00,PROD-466:2|PROD-437:3|PROD-631:3
user309@example.com,PAID,2023-03-22T17:00,PROD-628:3|PROD-186:2|PROD-236:1|PROD-447:3
user12@example.com,NEW,2024-05-22T10:00,PROD-111:1|PROD-482:1|PROD-172:2|PROD-410:2
user448@example.com,PAID,2023-07-23T14:00,PROD-289:3|PROD-724:1
user74@example.com,PAID,2023-12-08T17:00,PROD-645:1|PROD-1:1
user475@example.com,PAID,2024-04-03T13:00,PROD-35:2|PROD-941:1
user5@example.com,NEW,2024-11-23T10:00,PROD-635:3|PROD-37:1|PROD-876:2|PROD-287:1
user255@example.com,PAID,2024-08-22T18:00,PROD-817:3|PROD-11:3
user473@example.com,NEW,2024-12-22T17:00,PROD-298:1|PROD-425:1|PROD-149:3
user172@example.com,CANCELLED,2023-09-26T15:00,PROD-908:2
user232@example.com,PAID,2023-01-06T19:00,PROD-896:1|PROD-774:2|PROD-275:3
user299@example.com,PAID,2024-07-05T13:00,PROD-985:3
user41@example.com,CANCELLED,2024-12-24T17:00,PROD-399:2|PROD-659:1|PROD-538:3|PROD-238:2
user271@example.com,PAID,2024-12-16T11:00,PROD-518:1|PROD-12:2|PROD-16:3
user412@example.com,PAID,2024-09-30T18:00,PROD-11:1|PROD-352:1
user158@example.com,NEW,2024-01-21T12:00,PROD-821:2|PROD-710:3|PROD-365:3|PROD-735:2
user257@example.com,CANCELLED,2024-07-22T20:00,PROD-672:1|PROD-514:3|PROD-969:1
user478@example.com,NEW,2023-12-19T21:00,PROD-200:3|PROD-969:3|PROD-109:3|PROD-158:2
user239@example.com,NEW,2023-01-14T21:00,PROD-90:1|PROD-147:3
user275@example.com,PAID,2024-02-05T21:00,PROD-204:3|PROD-782:2|PROD-486:2
user314@example.com,PAID,2024-02-13T12:00,PROD-779:1
user240@example.com,PAID,2023-10-13T10:00,PROD-465:2|PROD-723:3
user293@example.com,PAID,2023-10-30T13:00,PROD-598:3|PROD-176:1|PROD-903:1
user33@example.com,PAID,2023-02-16T19:00,PROD-784:1|PROD-197:1|PROD-742:2|PROD-155:1
user54@example.com,CANCELLED,2024-10-20T20:00,PROD-322:3|PROD-174:2|PROD-440:2
user59@example.com,PAID,2023-07-12T21:00,PROD-562:2|PROD-305:2
user241@example.com,PAID,2024-07-25T11:00,PROD-838:2
user14@example.com,CANCELLED,2023-05-28T10:00,PROD-727:3|PROD-332:3|PROD-880:1|PROD-855:1
user344@example.com,PAID,2023-12-26T18:00,PROD-687:3|PROD-118:2|PROD-867:1
user322@example.com,PAID,2024-09-18T16:00,PROD-38:2
user459@example.com,PAID,2023-03-19T14:00,PROD-305:1|PROD-391:3|PROD-309:1
user252@example.com,PAID,2024-08-28T16:00,PROD-389:1|PROD-644:1|PROD-314:1
user297@example.com,PAID,2024-02-20T15:00,PROD-742:3|PROD-714:1
user195@example.com,PAID,2023-04-02T18:00,PROD-496:3|PROD-344:1|PROD-200:3
user313@example.com,NEW,2024-10-01T10:00,PROD-690:1|PROD-984:2
user243@example.com,PAID,2023-01-19T16:00,PROD-869:2
user393@example.com,NEW,2023-05-03T11:00,PROD-921:2|PROD-968:1
user166@example.com,PAID,2024-04-24T18:00,PROD-243:3|PROD-390:3|PROD-215:2
user229@example.com,CANCELLED,2024-02-27T14:00,PROD-400:2
user282@example.com,NEW,2024-04-16T14:00,PROD-154:3|PROD-267:3
user1@example.com,PAID,2024-02-29T13:00,PROD-316:1|PROD-520:3|PROD-156:3|PROD-822:2
user491@example.com,PAID,2023-02-03T13:00,PROD-677:3|PROD-299:1|PROD-704:2
user406@example.com,PAID,2024-01-02T18:00,PROD-480:1|PROD-587:2|PROD-781:3|PROD-389:2
user338@example.com,PAID,2023-01-22T12:00,PROD-631:1|PROD-31:1|PROD-629:1|PROD-599:1
user103@example.com,NEW,2023-01-26T11:00,PROD-948:1|PROD-240:1|PROD-243:2|PROD-768:1
user165@example.com,NEW,2024-11-28T19:00,PROD-178:2|PROD-744:2|PROD-740:1
user152@example.com,CANCELLED,2024-09-09T14:00,PROD-202:2|PROD-567:2|PROD-678:1|PROD-704:1
user457@example.com,CANCELLED,2023-02-26T15:00,PROD-112:1|PROD-388:2
user483@example.com,NEW,2023-06-29T10:00,PROD-386:3|PROD-750:2|PROD-404:1|PROD-190:2
user306@example.com,CANCELLED,2024-05-11T14:00,PROD-536:3|PROD-818:1|PROD-153:3|PROD-53:1
user435@example.com,PAID,2023-07-21T10:00,PROD-579:1|PROD-4:2|PROD-901:1|PROD-172:1
user140@example.com,PAID,2024-04-01T16:00,PROD-705:2|PROD-918:2|PROD-24:2
user11@example.com,PAID,2023-08-06T20:00,PROD-709:3|PROD-596:1|PROD-494:2
user137@example.com,PAID,2023-11-17T11:00,PROD-227:2|PROD-871:2|PROD-192:2
user326@example.com,PAID,2023-02-25T16:00,PROD-616:1|PROD-484:3
user481@example.com,PAID,2024-01-18T12:00,PROD-183:3|PROD-304:2
user121@example.com,NEW,2023-03-31T14:00,PROD-114:1
user79@example.com,CANCELLED,2024-09-16T11:00,PROD-317:3|PROD-711:1|PROD-348:2|PROD-418:1
user105@example.com,PAID,2023-04-04T16:00,PROD-895:2|PROD-291:1
user451@example.com,PAID,2024-01-13T15:00,PROD-780:3|PROD-965:3|PROD-984:2
user183@example.com,PAID,2023-03-24T18:00,PROD-136:1|PROD-556:1
user114@example.com,PAID,2023-10-11T18:00,PROD-445:2|PROD-869:1|PROD-562:3
user281@example.com,NEW,2023-03-30T13:00,PROD-921:1|PROD-361:3
user441@example.com,NEW,2023-06-07T21:00,PROD-128:2|PROD-116:2
user305@example.com,PAID,2024-03-13T17:00,PROD-900:1|PROD-896:1|PROD-776:1
user464@example.com,CANCELLED,2024-11-17T14:00,PROD-805:1|PROD-533:2
user37@example.com,PAID,2024-12-03T11:00,PROD-842:3|PROD-782:3|PROD-368:1|PROD-685:3
user228@example.com,PAID,2023-11-09T14:00,PROD-643:2|PROD-136:1
user189@example.com,PAID,2023-01-04T12:00,PROD-313:3|PROD-457:2
user309@example.com,CANCELLED,2024-01-19T12:00,PROD-590:1|PROD-642:3|PROD-652:3|PROD-878:2
user476@example.com,NEW,2024-03-08T18:00,PROD-224:2|PROD-59:3
user50@example.com,CANCELLED,2023-01-01T20:00,PROD-74:1|PROD-944:1|PROD-508:3|PROD-873:1
user83@example.com,NEW,2023-10-30T11:00,PROD-537:3
user290@example.com,CANCELLED,2023-01-13T14:00,PROD-655:3|PROD-407:3|PROD-556:1|PROD-702:2
user451@example.com,CANCELLED,2023-01-03T20:00,PROD-542:2
user131@example.com,NEW,2023-11-30T13:00,PROD-645:2|PROD-898:2|PROD-957:3|PROD-246:2
user400@example.com,CANCELLED,2024-02-18T17:00,PROD-472:2|PROD-564:2
user95@example.com,PAID,2023-08-05T13:00,PROD-157:2|PROD-584:2
user424@example.com,PAID,2024-04-24T20:00,PROD-158:3|PROD-127:1|PROD-435:1|PROD-982:2
user160@example.com,NEW,2023-05-17T12:00,PROD-874:3|PROD-892:3
user349@example.com,PAID,2023-02-12T15:00,PROD-779:1|PROD-795:1|PROD-144:2|PROD-907:3
user26@example.com,PAID,2024-08-26T16:00,PROD-235:1
user204@example.com,CANCELLED,2024-02-19T19:00,PROD-4:1|PROD-131:1|PROD-602:3
user479@example.com,NEW,2024-10-01T11:00,PROD-335:3|PROD-693:1
user476@example.com,PAID,2024-11-27T18:00,PROD-364:3|PROD-625:2
user285@example.com,CANCELLED,2023-04-07T11:00,PROD-569:1|PROD-147:2|PROD-110:3
user14@example.com,PAID,2023-03-24T21:00,PROD-770:3|PROD-420:1|PROD-213:1
user315@example.com,NEW,2023-01-26T17:00,PROD-762:3|PROD-571:1|PROD-327:3|PROD-232:2
user13@example.com,NEW,2024-11-22T19:00,PROD-520:3|PROD-559:2
user91@example.com,CANCELLED,2023-11-03T19:00,PROD-503:1|PROD-247:2|PROD-4:1|PROD-291:1
user179@example.com,CANCELLED,2024-07-25T12:00,PROD-899:1|PROD-611:1|PROD-370:1|PROD-472:2
user63@example.com,PAID,2024-08-05T21:00,PROD-182:1|PROD-765:1|PROD-659:3
user123@example.com,PAID,2024-10-03T10:00,PROD-222:2|PROD-1000:1
user308@example.com,PAID,2023-03-12T19:00,PROD-75:1|PROD-17:2|PROD-995:1
user356@example.com,PAID,2024-06-03T10:00,PROD-448:3|PROD-443:1|PROD-125:3|PROD-798:3
user286@example.com,PAID,2023-11-13T18:00,PROD-554:3|PROD-902:3|PROD-636:3
user407@example.com,PAID,2023-07-30T15:00,PROD-588:1|PROD-118:2|PROD-20:3|PROD-134:1
user150@example.com,PAID,2023-11-21T13:00,PROD-297:3|PROD-994:3|PROD-408:2|PROD-773:1
user70@example.com,PAID,2024-05-03T18:00,PROD-886:3|PROD-671:2
user407@example.com,PAID,2024-09-07T12:00,PROD-674:1|PROD-440:1
user20@example.com,NEW,2023-04-24T18:00,PROD-832:3|PROD-157:3|PROD-684:2
user470@example.com,PAID,2023-04-05T12:00,PROD-154:2
user245@example.com,PAID,2024-01-18T11:00,PROD-546:2|PROD-47:2|PROD-54:1|PROD-60:1
user258@example.com,PAID,2024-01-11T21:00,PROD-805:1|PROD-214:1|PROD-661:3
user263@example.com,PAID,2024-04-07T12:00,PROD-692:2|PROD-403:3
user378@example.com,PAID,2024-07-23T16:00,PROD-359:3|PROD-611:1|PROD-411:3|PROD-165:3
user203@example.com,CANCELLED,2024-07-03T11:00,PROD-730:2|PROD-28:1
user100@example.com,PAID,2023-11-22T14:00,PROD-744:1
user386@example.com,PAID,2024-10-18T15:00,PROD-511:2|PROD-550:3|PROD-509:3
user320@example.com,PAID,2024-03-09T11:00,PROD-225:2|PROD-524:1
user77@example.com,PAID,2023-11-14T16:00,PROD-837:2|PROD-86:2|PROD-617:3|PROD-892:2
user172@example.com,PAID,2023-12-01T12:00,PROD-400:3|PROD-716:3
user272@example.com,CANCELLED,2024-09-22T17:00,PROD-64:1|PROD-599:3
user237@example.com,NEW,2024-08-03T19:00,PROD-611:3|PROD-587:2
user312@example.com,PAID,2024-07-11T15:00,PROD-772:3|PROD-928:1|PROD-119:1|PROD-35:1
user39@example.com,PAID,2023-08-25T13:00,PROD-747:3|PROD-888:3|PROD-957:2
user70@example.com,NEW,2024-11-16T20:00,PROD-323:2|PROD-237:3|PROD-759:2|PROD-842:3
user249@example.com,PAID,2024-02-10T19:00,PROD-944:2|PROD-190:2|PROD-143:2|PROD-374:2
user204@example.com,PAID,2023-07-30T12:00,PROD-155:1
user281@example.com,NEW,2024-11-04T14:00,PROD-497:3|PROD-489:1
user379@example.com,PAID,2024-03-05T17:00,PROD-540:2
user99@example.com,PAID,2023-11-26T10:00,PROD-928:2|PROD-100:1|PROD-608:3
user311@example.com,PAID,2024-10-17T21:00,PROD-664:1|PROD-180:1|PROD-691:3|PROD-846:3
user144@example.com,PAID,2023-09-17T21:00,PROD-350:2|PROD-379:3|PROD-439:3
user355@example.com,PAID,2023-07-23T21:00,PROD-83:3|PROD-35:2|PROD-477:1|PROD-76:1
user230@example.com,NEW,2024-05-04T11:00,PROD-736:3|PROD-820:2|PROD-433:3
user199@example.com,PAID,2023-07-12T21:00,PROD-263:3|PROD-310:2|PROD-910:2|PROD-279:2
user499@example.com,PAID,2024-04-06T15:00,PROD-863:3|PROD-160:1|PROD-818:1
user178@example.com,PAID,2023-01-26T11:00,PROD-925:2
user354@example.com,PAID,2024-02-24T11:00,PROD-863:3
user498@example.com,CANCELLED,2023-04-01T12:00,PROD-451:3|PROD-623:1|PROD-392:3
user396@example.com,CANCELLED,2023-09-02T19:00,PROD-364:1|PROD-508:1
user284@example.com,PAID,2024-10-27T13:00,PROD-635:1
user270@example.com,CANCELLED,2024-04-21T19:00,PROD-573:1
user268@example.com,CANCELLED,2023-05-27T17:00,PROD-141:3|PROD-323:1|PROD-739:2|PROD-311:2
user429@example.com,PAID,2023-09-02T15:00,PROD-179:3|PROD-413:3|PROD-76:1|PROD-921:1
user83@example.com,PAID,2024-08-10T17:00,PROD-283:2|PROD-623:2|PROD-606:1
user404@example.com,NEW,2024-12-27T17:00,PROD-271:3
user167@example.com,CANCELLED,2023-07-05T21:00,PROD-20:1
user222@example.com,PAID,2024-08-18T19:00,PROD-684:1|PROD-357:3
user109@example.com,CANCELLED,2024-05-16T13:00,PROD-831:2|PROD-108:3|PROD-972:1
user318@example.com,NEW,2024-07-14T19:00,PROD-810:1|PROD-762:1|PROD-542:3
user168@example.com,CANCELLED,2024-10-09T19:00,PROD-117:3
user120@example.com,NEW,2024-04-06T17:00,PROD-151:3|PROD-132:1|PROD-228:3
user426@example.com,PAID,2024-06-29T12:00,PROD-96:2|PROD-45:3
user362@example.com,NEW,2023-03-10T21:00,PROD-220:1|PROD-419:1|PROD-934:2
user137@example.com,NEW,2024-11-28T14:00,PROD-692:3
user224@example.com,PAID,2023-01-02T16:00,PROD-848:1|PROD-42:1|PROD-693:2|PROD-713:1
user39@example.com,PAID,2024-09-24T21:00,PROD-179:1|PROD-22:2|PROD-930:2
user365@example.com,PAID,2024-12-16T13:00,PROD-214:3|PROD-971:1
user490@example.com,NEW,2024-04-22T15:00,PROD-324:1|PROD-361:2|PROD-724:3
user376@example.com,PAID,2024-03-08T11:00,PROD-194:1
user363@example.com,CANCELLED,2023-10-20T19:00,PROD-165:1|PROD-619:3|PROD-591:1
user315@example.com,PAID,2023-12-26T13:00,PROD-544:3|PROD-878:1|PROD-55:3|PROD-45:1
user17@example.com,PAID,2024-11-13T21:00,PROD-692:3|PROD-27:1|PROD-516:3|PROD-493:2
user58@example.com,NEW,2024-07-11T18:00,PROD-858:1|PROD-326:2|PROD-541:2|PROD-518:1
user415@example.com,PAID,2023-07-18T13:00,PROD-926:3|PROD-202:1
user396@example.com,PAID,2024-06-25T21:00,PROD-468:3
user197@example.com,PAID,2024-04-10T21:00,PROD-989:3|PROD-891:3|PROD-209:1
user257@example.com,PAID,2024-12-29T11:00,PROD-371:3
user242@example.com,PAID,2024-03-30T13:00,PROD-419:2|PROD-799:1|PROD-820:2|PROD-372:1
user477@example.com,PAID,2023-09-05T19:00,PROD-292:3|PROD-554:3|PROD-624:1
user120@example.com,PAID,2023-06-02T11:00,PROD-625:3|PROD-502:2|PROD-972:1
user53@example.com,PAID,2024-10-07T18:00,PROD-408:3|PROD-218:1|PROD-913:3|PROD-617:1
user355@example.com,PAID,2024-02-13T14:00,PROD-902:2
user490@example.com,PAID,2024-08-07T14:00,PROD-317:1|PROD-422:3|PROD-217:2
user301@example.com,PAID,2023-08-11T20:00,PROD-29:1
user101@example.com,NEW,2023-03-08T12:00,PROD-572:1|PROD-109:2|PROD-297:3|PROD-637:3
user100@example.com,PAID,2024-04-13T16:00,PROD-254:2|PROD-864:3
user465@example.com,CANCELLED,2024-09-04T12:00,PROD-605:3|PROD-681:3|PROD-568:1|PROD-916:3
user60@example.com,NEW,2023-05-26T18:00,PROD-81:1|PROD-835:2|PROD-744:1|PROD-507:3
user429@example.com,NEW,2024-11-28T18:00,PROD-302:2|PROD-655:1
user493@example.com,CANCELLED,2024-01-15T18:00,PROD-923:3
user491@example.com,NEW,2023-12-16T19:00,PROD-569:3|PROD-662:2|PROD-22:3|PROD-133:1
user190@example.com,PAID,2023-04-03T15:00,PROD-77:2
user11@example.com,PAID,2023-09-04T11:00,PROD-620:2|PROD-255:3
user6@example.com,PAID,2024-11-11T11:00,PROD-685:2|PROD-521:2
user33@example.com,PAID,2024-02-06T11:00,PROD-359:2|PROD-569:2
user454@example.com,PAID,2023-12-24T18:00,PROD-489:1|PROD-861:3
user45@example.com,PAID,2024-06-14T18:00,PROD-276:3|PROD-302:3
user112@example.com,PAID,2023-04-19T18:00,PROD-975:2|PROD-708:1|PROD-656:1
user428@example.com,PAID,2024-01-17T17:00,PROD-910:2|PROD-478:1
user122@example.com,NEW,2024-03-29T16:00,PROD-781:3|PROD-363:1|PROD-517:1
user452@example.com,CANCELLED,2023-07-18T14:00,PROD-191:2|PROD-388:1|PROD-959:1
user30@example.com,NEW,2023-03-28T18:00,PROD-800:1
user258@example.com,CANCELLED,2023-04-12T19:00,PROD-635:1
user74@example.com,PAID,2024-01-04T19:00,PROD-182:3
user272@example.com,PAID,2023-07-30T21:00,PROD-262:2|PROD-330:3|PROD-785:1
user16@example.com,CANCELLED,2024-07-25T18:00,PROD-697:2|PROD-382:3|PROD-510:2
user462@example.com,PAID,2023-04-09T21:00,PROD-98:1|PROD-5:3
user430@example.com,PAID,2023-01-13T15:00,PROD-736:1|PROD-388:3
user326@example.com,PAID,2024-04-05T12:00,PROD-807:1
user143@example.com,PAID,2024-07-06T21:00,PROD-655:2|PROD-672:3|PROD-417:2
user347@example.com,NEW,2023-02-15T21:00,PROD-176:2|PROD-177:3|PROD-687:2|PROD-22:3
user353@example.com,NEW,2023-07-16T13:00,PROD-379:2|PROD-949:3|PROD-582:2
user281@example.com,PAID,2024-05-12T21:00,PROD-338:2|PROD-465:1
user152@example.com,PAID,2024-07-12T20:00,PROD-759:3
user344@example.com,NEW,2023-07-29T11:00,PROD-434:3
user7@example.com,PAID,2023-01-04T10:00,PROD-892:3|PROD-921:1
user52@example.com,PAID,2023-08-12T20:00,PROD-973:3|PROD-144:2|PROD-913:1
user346@example.com,PAID,2023-04-30T20:00,PROD-40:3|PROD-443:1|PROD-299:3
user327@example.com,NEW,2023-03-30T12:00,PROD-881:1|PROD-897:1
user367@example.com,PAID,2024-10-23T18:00,PROD-740:1|PROD-924:2
user416@example.com,PAID,2024-04-04T12:00,PROD-994:2|PROD-511:1|PROD-387:3
user107@example.com,PAID,2023-04-02T14:00,PROD-787:2
user472@example.com,PAID,2023-07-13T13:00,PROD-597:1|PROD-278:1|PROD-630:3|PROD-978:2
user496@example.com,PAID,2024-11-21T17:00,PROD-140:1|PROD-184:3
user17@example.com,PAID,2024-05-03T21:00,PROD-517:2|PROD-602:2
user161@example.com,PAID,2023-10-11T12:00,PROD-985:1
user124@example.com,NEW,2023-10-13T12:00,PROD-661:3
user91@example.com,NEW,2024-01-29T16:00,PROD-87:1|PROD-216:2|PROD-294:2|PROD-63:2
user272@example.com,PAID,2023-08-31T19:00,PROD-739:2|PROD-994:1
user499@example.com,PAID,2024-05-16T18:00,PROD-333:3|PROD-488:2
user27@example.com,NEW,2023-12-30T10:00,PROD-199:1|PROD-845:2|PROD-65:3|PROD-618:1
user458@example.com,PAID,2023-05-07T12:00,PROD-654:1|PROD-581:3|PROD-514:2|PROD-463:1
user12@example.com,PAID,2023-09-11T21:00,PROD-39:3|PROD-632:2|PROD-127:1
user146@example.com,PAID,2023-03-29T15:00,PROD-386:3
user94@example.com,NEW,2024-07-08T19:00,PROD-508:1
user100@example.com,PAID,2024-07-25T14:00,PROD-996:2|PROD-886:3|PROD-268:3
user29@example.com,PAID,2024-10-17T19:00,PROD-4:2|PROD-426:2
user363@example.com,PAID,2023-04-26T17:00,PROD-102:1|PROD-983:2|PROD-202:3|PROD-442:1
user484@example.com,PAID,2023-06-29T15:00,PROD-237:2
user345@example.com,PAID,2023-12-03T13:00,PROD-438:1|PROD-110:3
user32@example.com,NEW,2024-09-17T16:00,PROD-292:2|PROD-623:1
user326@example.com,PAID,2023-09-14T21:00,PROD-202:2|PROD-540:3|PROD-207:1|PROD-899:1
user332@example.com,PAID,2023-08-25T14:00,PROD-693:3|PROD-484:2
user125@example.com,CANCELLED,2024-08-12T20:00,PROD-593:3|PROD-166:1|PROD-561:1|PROD-42:3
user274@example.com,PAID,2024-07-02T13:00,PROD-10:2
user127@example.com,CANCELLED,2023-05-28T10:00,PROD-913:2
user483@example.com,NEW,2024-09-13T11:00,PROD-872:1|PROD-238:1|PROD-391:2
user400@example.com,NEW,2023-04-10T10:00,PROD-372:1|PROD-638:2|PROD-914:1|PROD-729:1
user397@example.com,CANCELLED,2024-07-08T20:00,PROD-209:3
user361@example.com,PAID,2023-03-02T11:00,PROD-354:3|PROD-620:2|PROD-641:3
user353@example.com,NEW,2024-12-23T20:00,PROD-237:2|PROD-784:1|PROD-235:3
user117@example.com,PAID,2024-09-16T21:00,PROD-134:1
user410@example.com,NEW,2024-11-01T19:00,PROD-680:1
user276@example.com,NEW,2024-02-02T13:00,PROD-699:1|PROD-706:3
user66@example.com,PAID,2024-02-28T12:00,PROD-710:3
user403@example.com,PAID,2023-05-12T10:00,PROD-187:1|PROD-972:1|PROD-98:2
user365@example.com,PAID,2023-11-10T17:00,PROD-887:2|PROD-453:2
user74@example.com,CANCELLED,2023-08-23T17:00,PROD-142:2|PROD-824:1|PROD-523:2
user268@example.com,PAID,2023-07-17T18:00,PROD-607:2
user263@example.com,PAID,2023-08-16T18:00,PROD-631:2|PROD-364:3
user426@example.com,NEW,2024-06-23T14:00,PROD-714:1|PROD-756:1
user448@example.com,PAID,2023-10-13T19:00,PROD-513:3|PROD-184:1
user291@example.com,PAID,2024-11-27T13:00,PROD-811:2
user154@example.com,CANCELLED,2023-03-05T11:00,PROD-269:2|PROD-700:2|PROD-984:3
user416@example.com,CANCELLED,2024-02-22T20:00,PROD-573:3|PROD-710:1|PROD-552:2
user117@example.com,CANCELLED,2024-03-05T10:00,PROD-816:2|PROD-238:1|PROD-417:2
user153@example.com,PAID,2023-02-15T16:00,PROD-384:3|PROD-403:2
user24@example.com,PAID,2023-04-01T16:00,PROD-35:2|PROD-259:3|PROD-819:3
user301@example.com,PAID,2023-09-15T18:00,PROD-687:3
user79@example.com,PAID,2023-09-22T20:00,PROD-651:3|PROD-503:2
user361@example.com,NEW,2023-12-21T11:00,PROD-626:2|PROD-501:2
user180@example.com,PAID,2024-09-04T11:00,PROD-321:2
user199@example.com,CANCELLED,2023-03-15T12:00,PROD-562:3|PROD-340:3|PROD-335:2
user320@example.com,PAID,2023-07-07T21:00,PROD-148:3
user474@example.com,PAID,2023-05-23T20:00,PROD-71:3|PROD-598:1|PROD-396:3
user259@example.com,PAID,2023-09-11T14:00,PROD-973:3
user342@example.com,NEW,2024-09-01T17:00,PROD-822:1|PROD-818:3|PROD-325:1
user230@example.com,PAID,2024-05-10T10:00,PROD-877:2|PROD-822:2|PROD-952:2|PROD-707:2
user296@example.com,PAID,2023-09-22T13:00,PROD-238:3
user462@example.com,CANCELLED,2023-08-30T13:00,PROD-215:3|PROD-558:3|PROD-842:3|PROD-276:1
user273@example.com,PAID,2023-12-12T16:00,PROD-212:3
user424@example.com,PAID,2023-05-10T15:00,PROD-751:2
user460@example.com,PAID,2024-03-05T11:00,PROD-706:1|PROD-139:1|PROD-735:1
user487@example.com,PAID,2024-06-20T14:00,PROD-495:1|PROD-987:3|PROD-273:3|PROD-27:2
user209@example.com,PAID,2023-10-22T16:00,PROD-463:1
user96@example.com,PAID,2023-11-03T19:00,PROD-887:3|PROD-729:2|PROD-561:2|PROD-842:2
user141@example.com,CANCELLED,2024-07-30T17:00,PROD-821:3|PROD-328:2|PROD-837:1|PROD-734:3
user284@example.com,CANCELLED,2023-07-29T10:00,PROD-320:2
user484@example.com,PAID,2023-03-10T18:00,PROD-970:2|PROD-434:3|PROD-648:1
user66@example.com,PAID,2023-03-12T12:00,PROD-267:3|PROD-226:3|PROD-681:1
user444@example.com,PAID,2024-11-21T21:00,PROD-557:1|PROD-510:3
user296@example.com,CANCELLED,2023-10-25T11:00,PROD-507:1|PROD-154:1|PROD-394:2
user458@example.com,CANCELLED,2023-10-06T10:00,PROD-509:2|PROD-789:3
user342@example.com,CANCELLED,2023-09-30T14:00,PROD-750:1|PROD-443:1|PROD-308:2
user50@example.com,NEW,2024-12-05T18:00,PROD-251:2|PROD-169:2|PROD-637:1|PROD-555:2
user13@example.com,PAID,2023-05-19T16:00,PROD-138:3|PROD-492:2|PROD-174:3
user66@example.com,PAID,2024-03-16T16:00,PROD-947:1|PROD-240:2
user13@example.com,PAID,2024-08-23T12:00,PROD-940:1
user188@example.com,PAID,2023-01-13T18:00,PROD-581:2|PROD-973:3|PROD-812:2|PROD-331:2
user276@example.com,PAID,2024-07-24T11:00,PROD-894:1|PROD-179:1|PROD-492:2
user297@example.com,CANCELLED,2023-02-18T12:00,PROD-844:3
user156@example.com,NEW,2024-12-23T15:00,PROD-314:2|PROD-193:1|PROD-8:1|PROD-187:1
user370@example.com,CANCELLED,2023-12-29T13:00,PROD-568:1|PROD-964:2|PROD-943:2|PROD-463:1
user428@example.com,PAID,2024-06-06T12:00,PROD-89:3|PROD-972:1|PROD-734:2|PROD-51:3
user387@example.com,PAID,2023-11-30T21:00,PROD-391:3|PROD-684:3|PROD-360:2|PROD-66:3
user119@example.com,CANCELLED,2024-05-15T10:00,PROD-379:1|PROD-333:3
user17@example.com,PAID,2024-06-05T13:00,PROD-659:2
user112@example.com,PAID,2023-11-21T20:00,PROD-267:1
user407@example.com,PAID,2023-11-18T13:00,PROD-999:1|PROD-804:1
user215@example.com,PAID,2023-02-08T14:00,PROD-178:1|PROD-707:1|PROD-322:3
user159@example.com,PAID,2023-12-28T18:00,PROD-344:1|PROD-726:1
user459@example.com,PAID,2023-01-03T13:00,PROD-874:2
user219@example.com,CANCELLED,2023-08-04T13:00,PROD-551:3|PROD-638:3|PROD-802:3
user464@example.com,CANCELLED,2023-06-21T19:00,PROD-178:1|PROD-680:2|PROD-890:2|PROD-7:2
user101@example.com,PAID,2023-04-11T14:00,PROD-401:2
user345@example.com,PAID,2024-07-23T10:00,PROD-340:2|PROD-296:3|PROD-194:1|PROD-798:1
user308@example.com,PAID,2023-03-14T14:00,PROD-938:3|PROD-446:1|PROD-331:3
user138@example.com,PAID,2023-03-27T18:00,PROD-100:3|PROD-181:1|PROD-968:3
user222@example.com,PAID,2023-11-17T15:00,PROD-725:2|PROD-671:1|PROD-269:1
user479@example.com,PAID,2023-10-15T12:00,PROD-918:1|PROD-848:1
user492@example.com,PAID,2023-11-18T18:00,PROD-407:2|PROD-188:2|PROD-290:3
